season,date,home_team,away_team,y,dc_p_away,dc_p_draw,dc_p_home,elo_p_away,elo_p_draw,elo_p_home,ps_open_home,ps_open_draw,ps_open_away,ps_close_home,ps_close_draw,ps_close_away
2425,2024-08-23,M'gladbach,Leverkusen,0,0.5171854339278327,0.24176657467497603,0.24104799139719135,0.7106455825098478,0.08964857976333888,0.1997058377268134,5.33,4.58,1.6,4.94,4.38,1.67
2425,2024-08-24,Augsburg,Werder Bremen,1,0.3116153159325161,0.2817750033209001,0.40660968074658377,0.33682413638222575,0.20776980520105773,0.45540605841671655,2.32,3.55,3.11,2.57,3.61,2.77
2425,2024-08-24,Dortmund,Ein Frankfurt,2,0.15783866539615943,0.2040660614606578,0.6380952731431827,0.18389150496229933,0.08103523355461792,0.7350732614830827,1.71,4.4,4.48,1.75,4.19,4.58
2425,2024-08-24,Freiburg,Stuttgart,2,0.34341087013765204,0.2790501198342967,0.3775390100280513,0.46484075860733404,0.20211242865546408,0.3330468127372019,3.5,3.7,2.09,3.73,3.99,1.96
2425,2024-08-24,Hoffenheim,Kiel,2,0.297,0.253,0.45,0.2720501216079358,0.13779858347513144,0.5901512949169329,1.64,4.38,5.07,1.61,4.68,5.05
2425,2024-08-24,Mainz,Union Berlin,1,0.2728217318060052,0.31024667665121103,0.4169315915427838,0.2562988082394038,0.1257058615380611,0.6179953302225352,2.08,3.24,4.1,2.1,3.39,3.9
2425,2024-08-24,RB Leipzig,Bochum,2,0.0639471584581467,0.1407966485092347,0.7952561930326186,0.08863733386981806,0.05,0.8613626661301819,1.25,6.71,10.65,1.22,7.23,12.72
2425,2024-08-25,St Pauli,Heidenheim,0,0.297,0.253,0.45,0.3214109035187323,0.18650679697635586,0.49208229950491184,2.13,3.5,3.59,2.02,3.49,4.06
2425,2024-08-25,Wolfsburg,Bayern Munich,0,0.5803194216847628,0.2245450884909161,0.19513548982432105,0.6232550814080744,0.12349398175845869,0.253250936833467,6.33,5.0,1.47,6.5,4.57,1.52
2425,2024-08-30,Union Berlin,St Pauli,2,0.297,0.253,0.45,0.2902150325737358,0.15341252719979667,0.5563724402264675,1.96,3.5,4.29,1.95,3.43,4.43
2425,2024-08-31,Bochum,M'gladbach,0,0.431163888796977,0.25361246808824733,0.3152236431147757,0.3457547976516865,0.22273238706326925,0.43151281528504426,2.66,3.73,2.57,2.88,3.85,2.38
2425,2024-08-31,Ein Frankfurt,Hoffenheim,2,0.26602719793049184,0.2426344953226478,0.4913383067468603,0.2734168178281115,0.13890552898403746,0.587677653187851,1.8,4.2,4.12,1.65,4.6,4.84
2425,2024-08-31,Kiel,Wolfsburg,0,0.297,0.253,0.45,0.2943719843800697,0.1572956483676637,0.5483323672522666,3.26,3.69,2.19,3.06,3.68,2.33
2425,2024-08-31,Leverkusen,RB Leipzig,0,0.2737769752646021,0.2685228651678308,0.4577001595675671,0.22301732129194551,0.10336568966605841,0.6736169890419961,1.8,4.22,4.1,1.63,4.45,5.15
2425,2024-08-31,Stuttgart,Mainz,1,0.20577802052798477,0.260091161581382,0.5341308178906333,0.19118979107014222,0.08494802308869084,0.7238621858411669,1.66,4.23,5.09,1.67,4.21,4.97
2425,2024-08-31,Werder Bremen,Dortmund,1,0.5282378628186446,0.23945385381815837,0.23230828336319703,0.5554554211960873,0.15385203450112026,0.29069254430279257,4.05,4.14,1.83,3.88,3.94,1.93
2425,2024-09-01,Bayern Munich,Freiburg,2,0.08842533106491118,0.1516940235368188,0.7598806453982702,0.13816843094459189,0.058526434543620005,0.8033051345117881,1.21,7.89,11.45,1.19,8.1,13.69
2425,2024-09-01,Heidenheim,Augsburg,2,0.21802379192674715,0.2600144962195285,0.5219617118537244,0.23249738005097487,0.10935653163360493,0.6581460883154202,2.42,3.47,3.02,2.42,3.49,3.05
2425,2024-09-13,Dortmund,Heidenheim,2,0.13702303018767226,0.19375142590715438,0.6692255439051734,0.16268695268668104,0.07020460316449827,0.7671084441488206,1.39,5.35,7.83,1.34,5.7,8.67
2425,2024-09-14,Freiburg,Bochum,2,0.17101174812460457,0.23523183389110192,0.5937564179842936,0.19452521633291903,0.08677114017064792,0.7187036434964331,1.69,4.08,4.9,1.58,4.41,5.8
2425,2024-09-14,Hoffenheim,Leverkusen,0,0.5100213677773061,0.23890331629329076,0.25107531592940313,0.6536133573627363,0.11114286224368634,0.23524378039357746,5.95,4.96,1.49,6.84,5.37,1.43
2425,2024-09-14,Kiel,Bayern Munich,0,0.297,0.253,0.45,0.6624554284116674,0.10767149275060849,0.2298730788377242,11.8,7.52,1.21,13.19,7.77,1.2
2425,2024-09-14,M'gladbach,Stuttgart,0,0.35432494991745944,0.25663360300679605,0.38904144707574456,0.4577283848356596,0.20636458783774125,0.33590702732659916,2.84,3.96,2.31,2.7,3.86,2.51
2425,2024-09-14,RB Leipzig,Union Berlin,1,0.12045159900469468,0.22567199835700522,0.6538764026383,0.11459906387798624,0.05,0.8354009361220137,1.48,4.69,6.64,1.49,4.8,6.62
2425,2024-09-14,Wolfsburg,Ein Frankfurt,0,0.3067177005582809,0.2824419968494829,0.41084030259223614,0.3551628484851256,0.24204062620623717,0.4027965253086373,2.72,3.45,2.63,2.82,3.44,2.61
2425,2024-09-15,Augsburg,St Pauli,2,0.297,0.253,0.45,0.31791254521218304,0.18225008731764608,0.49983736747017093,2.09,3.61,3.52,2.08,3.33,4.02
2425,2024-09-15,Mainz,Werder Bremen,0,0.2642220550945599,0.2840512483440698,0.4517266965613704,0.27741385088496606,0.14220174225680432,0.5803844068582297,2.04,3.66,3.61,2.2,3.62,3.37
2425,2024-09-20,Augsburg,Mainz,0,0.3219758302306432,0.29435879913333035,0.3836653706360265,0.3487653176038407,0.22842102467305928,0.42281365772310003,2.42,3.6,2.97,2.41,3.53,3.03
2425,2024-09-21,Bochum,Kiel,1,0.297,0.253,0.45,0.33955405087656537,0.21208395369885497,0.4483619954245796,1.99,3.8,3.7,1.82,3.94,4.4
2425,2024-09-21,Ein Frankfurt,M'gladbach,2,0.2554781483926669,0.24576141017962486,0.49876044142770826,0.22022174479296874,0.10164802928360284,0.6781302259234284,1.79,4.14,4.26,1.77,4.29,4.3
2425,2024-09-21,Heidenheim,Freiburg,0,0.2802820731701042,0.27745806964048403,0.44225985718941185,0.30018071873655755,0.16295155562330674,0.5368677256401357,2.75,3.4,2.66,3.37,3.48,2.25
2425,2024-09-21,Union Berlin,Hoffenheim,2,0.3108536105872729,0.2767394240963148,0.41240696531641236,0.3111619503286455,0.17449329044453646,0.5143447592268181,2.04,3.72,3.65,1.87,3.84,4.28
2425,2024-09-21,Werder Bremen,Bayern Munich,0,0.6346587963587141,0.20233814376320358,0.16300305987808236,0.5950205135377014,0.13563564237304432,0.2693438440892543,7.92,5.6,1.36,9.26,6.08,1.32
2425,2024-09-22,Leverkusen,Wolfsburg,2,0.12578620072082689,0.21198482374238833,0.6622289755367848,0.07628493909192943,0.05,0.8737150609080705,1.31,5.91,9.23,1.27,6.45,10.37
2425,2024-09-22,St Pauli,RB Leipzig,1,0.297,0.253,0.45,0.6513766531181981,0.11202967814742862,0.23659366873437332,5.19,4.25,1.64,5.25,4.22,1.66
2425,2024-09-22,Stuttgart,Dortmund,2,0.41286322630086864,0.2520895483079928,0.33504722539113857,0.33902744927154527,0.2112357580994864,0.4497367926289684,2.32,3.8,2.94,2.32,3.81,2.99
2425,2024-09-27,Dortmund,Bochum,2,0.0660169525258062,0.12748122982359533,0.8065018176505985,0.08559559049699915,0.05,0.8644044095030008,1.24,7.21,11.22,1.2,7.66,13.43
2425,2024-09-28,Bayern Munich,Leverkusen,1,0.2337989730513073,0.22744408662232385,0.5387569403263689,0.330813719167275,0.19891955001315423,0.4702667308195708,1.74,4.34,4.36,1.67,4.53,4.75
2425,2024-09-28,Freiburg,St Pauli,0,0.297,0.253,0.45,0.21461751753512695,0.09826751172641054,0.6871149707384625,1.62,4.15,5.59,1.6,4.2,5.98
2425,2024-09-28,M'gladbach,Union Berlin,2,0.2610667891687068,0.274448190101214,0.46448502073007913,0.32118825333149553,0.1862306013194784,0.49258114534902603,2.13,3.54,3.54,2.19,3.47,3.53
2425,2024-09-28,Mainz,Heidenheim,0,0.29894308418010646,0.28857734805336904,0.41247956776652445,0.2873053954136997,0.15076959279573682,0.5619250117905634,1.86,3.82,4.21,1.86,3.67,4.56
2425,2024-09-28,RB Leipzig,Augsburg,2,0.09147002748449044,0.17925459487585094,0.7292753776396587,0.09569678901775973,0.05,0.8543032109822403,1.4,5.4,7.14,1.51,4.84,6.15
2425,2024-09-28,Wolfsburg,Stuttgart,1,0.34004470373153634,0.2826974781844002,0.37725781808406345,0.5366940392938013,0.16303834362140232,0.3002676170847963,3.35,3.89,2.09,3.66,3.82,2.03
2425,2024-09-29,Hoffenheim,Werder Bremen,0,0.2404013237401217,0.239982447515729,0.5196162287441493,0.3039724897300298,0.1668023443792374,0.5292251658907328,2.4,3.78,2.84,2.29,3.78,3.07
2425,2024-09-29,Kiel,Ein Frankfurt,0,0.297,0.253,0.45,0.4272624840054628,0.22549503456674305,0.3472424814277941,4.5,4.22,1.73,3.77,3.88,2.0
2425,2024-10-04,Augsburg,M'gladbach,2,0.3577814130686395,0.26460934869342534,0.37760923823793513,0.33745597557131735,0.2087504503985449,0.45379357403013776,2.46,3.78,2.81,2.45,3.7,2.86
2425,2024-10-05,Bochum,Wolfsburg,0,0.4161163195964715,0.2796171348318901,0.30426654557163835,0.35983843925822256,0.25386071466349847,0.38630084607827897,3.07,3.78,2.25,3.13,3.71,2.28
2425,2024-10-05,Leverkusen,Kiel,1,0.297,0.253,0.45,0.05962867335845264,0.05,0.8903713266415473,1.08,13.45,25.93,1.09,11.97,31.01
2425,2024-10-05,St Pauli,Mainz,0,0.297,0.253,0.45,0.3230900247882978,0.18861404837405626,0.48829592683764594,2.46,3.42,2.99,2.17,3.38,3.68
2425,2024-10-05,Union Berlin,Dortmund,2,0.4884581155623825,0.2665685619282185,0.24497332250939902,0.5452966916529691,0.15877945678323313,0.2959238515637977,3.43,3.52,2.18,3.77,3.6,2.06
2425,2024-10-05,Werder Bremen,Freiburg,0,0.31600630432257154,0.2833424022038646,0.4006512934735638,0.3110817671613869,0.1744044549985494,0.5145137778400637,2.67,3.61,2.62,2.75,3.46,2.67
2425,2024-10-06,Ein Frankfurt,Bayern Munich,1,0.5573429173192234,0.22309766702828157,0.21955941565249512,0.47577294669924675,0.19572345689713935,0.32850359640361393,5.72,4.85,1.52,5.64,4.79,1.55
2425,2024-10-06,Heidenheim,RB Leipzig,0,0.4876912153604327,0.26527085066851297,0.2470379339710544,0.5225626489485546,0.1702136787934438,0.30722367225800157,4.77,4.18,1.7,5.18,4.04,1.69
2425,2024-10-06,Stuttgart,Hoffenheim,1,0.2346917470230906,0.23247418125715683,0.5328340717197525,0.1490223721045349,0.06359625810195109,0.7873813697935141,1.3,6.4,8.25,1.32,6.3,8.55
2425,2024-10-18,Dortmund,St Pauli,2,0.297,0.253,0.45,0.12421848030996695,0.052216503406978455,0.8235650162830546,1.31,5.95,10.18,1.3,5.85,10.67
2425,2024-10-19,Bayern Munich,Stuttgart,2,0.12182486551704313,0.17164346982478634,0.7065316646581705,0.22214711776694268,0.10282871956281468,0.6750241626702426,1.36,5.88,7.55,1.3,6.28,9.55
2425,2024-10-19,Freiburg,Augsburg,2,0.21752986577377365,0.26471728582631204,0.5177528483999143,0.21897188519421787,0.1008869464106348,0.6801411683951474,1.74,3.87,4.93,1.69,4.01,5.3
2425,2024-10-19,Hoffenheim,Bochum,2,0.16116997226382537,0.20185023576114308,0.6369797919750316,0.2032514965892002,0.09165133308964708,0.7050971703211527,1.7,4.47,4.45,1.52,4.94,5.89
2425,2024-10-19,Leverkusen,Ein Frankfurt,2,0.14160583941983385,0.2127797656246428,0.6456143949555234,0.14439705615440954,0.06141749874944899,0.7941854450961414,1.45,5.18,6.35,1.47,4.95,6.59
2425,2024-10-19,M'gladbach,Heidenheim,2,0.286034736667858,0.2546227638803371,0.45934249945180494,0.3371915432200438,0.2083387728415121,0.45446968393844417,1.83,3.77,4.44,1.91,3.79,4.11
2425,2024-10-19,Mainz,RB Leipzig,0,0.5012363528659326,0.27246559476353693,0.2262980523705304,0.5381534505727973,0.1623101389093833,0.2995364105178195,4.27,3.71,1.88,4.09,3.96,1.88
2425,2024-10-20,Kiel,Union Berlin,0,0.297,0.253,0.45,0.3457025485279096,0.22263698292440656,0.4316604685476838,3.48,3.43,2.2,3.83,3.51,2.07
2425,2024-10-20,Wolfsburg,Werder Bremen,0,0.24357463424108963,0.27451939208547566,0.48190597367343474,0.306764972950231,0.1697259471632269,0.5235090798865422,2.09,3.66,3.55,2.02,3.79,3.67
2425,2024-10-25,Mainz,M'gladbach,1,0.3041223899026492,0.27004867589625836,0.4258289342010924,0.2723254539442322,0.13802078425999048,0.5896537617957773,2.39,3.79,2.89,2.32,3.76,3.02
2425,2024-10-26,Augsburg,Dortmund,2,0.5650520367416082,0.23159694668304834,0.2033510165753435,0.6182743892674376,0.12558795110316082,0.25613765962940155,3.83,3.92,1.93,4.15,4.15,1.83
2425,2024-10-26,RB Leipzig,Freiburg,2,0.1296369648988862,0.21387888560944993,0.6564841494916639,0.14630372743312153,0.06231225998707967,0.7913840125797988,1.75,4.11,4.55,1.83,3.93,4.39
2425,2024-10-26,St Pauli,Wolfsburg,1,0.297,0.253,0.45,0.3178937856721284,0.18222772416692906,0.4998784901609426,2.66,3.47,2.71,2.61,3.45,2.82
2425,2024-10-26,Stuttgart,Kiel,2,0.297,0.253,0.45,0.1228210040589987,0.05159608820825239,0.8255829077327489,1.23,7.21,11.08,1.2,7.69,13.72
2425,2024-10-26,Werder Bremen,Leverkusen,1,0.5411522584535946,0.25096495921527945,0.20788278233112598,0.6548915727019632,0.1106376621283235,0.23447076516971332,5.84,4.9,1.51,6.48,5.2,1.46
2425,2024-10-27,Bochum,Bayern Munich,0,0.7451939664787202,0.1546331924990378,0.10017284102224198,0.7985297345408957,0.06003620486115481,0.14143406059794947,14.33,9.86,1.15,17.88,9.51,1.13
2425,2024-10-27,Heidenheim,Hoffenheim,1,0.2963177296294665,0.25069254730964785,0.4529897230608856,0.28872565674817596,0.15205222240819422,0.5592221208436299,2.32,3.68,3.03,2.88,3.38,2.6
2425,2024-10-27,Union Berlin,Ein Frankfurt,1,0.32302091701784325,0.299909728187793,0.3770693547943637,0.35342517695386527,0.2380978717941014,0.40847695125203337,2.63,3.32,2.84,2.55,3.22,3.08
2425,2024-11-01,Leverkusen,Stuttgart,1,0.16368875429515492,0.22418624624041197,0.6121249994644331,0.1893930347447688,0.0839751709699064,0.7266317942853249,1.57,4.87,5.29,1.63,4.55,5.05
2425,2024-11-02,Bayern Munich,Union Berlin,2,0.08283414296960254,0.16147999404296992,0.7556858629874277,0.10917267206609088,0.05,0.840827327933909,1.17,8.24,15.58,1.15,8.88,19.22
2425,2024-11-02,Dortmund,RB Leipzig,2,0.30584848850647184,0.25377306593645466,0.4403784455570736,0.35102193749662514,0.232959699695491,0.41601836280788385,2.25,3.69,3.15,2.19,3.84,3.21
2425,2024-11-02,Ein Frankfurt,Bochum,2,0.14922007702033882,0.21548360733590521,0.635296315643756,0.12085606863970776,0.05072714135985253,0.8284167900004397,1.34,6.0,7.96,1.46,4.95,6.59
2425,2024-11-02,Hoffenheim,St Pauli,0,0.297,0.253,0.45,0.2589908262988364,0.127691899587964,0.6133172741131996,1.88,3.9,4.02,1.89,3.86,4.12
2425,2024-11-02,Kiel,Heidenheim,2,0.297,0.253,0.45,0.3589148958043562,0.25136113550573164,0.3897239686899121,2.82,3.52,2.54,2.5,3.39,3.0
2425,2024-11-02,Wolfsburg,Augsburg,1,0.2159294311229363,0.2681433582531032,0.5159272106239605,0.27702945896991416,0.14188083275986202,0.5810897082702239,2.01,3.86,3.59,2.1,3.59,3.67
2425,2024-11-03,Freiburg,Mainz,1,0.25671632758243884,0.2860218479518603,0.4572618244657008,0.2767758438067456,0.14166956674031228,0.5815545894529421,1.7,3.9,5.21,1.77,3.78,4.98
2425,2024-11-03,M'gladbach,Werder Bremen,2,0.2493059278541292,0.24800614908245228,0.5026879230634186,0.33111628434800433,0.19934602052511458,0.46953769512688115,2.14,3.89,3.22,2.34,3.73,3.01
2425,2024-11-08,Union Berlin,Freiburg,1,0.2926124165329591,0.3046314043511243,0.40275617911591666,0.31772146358070613,0.18202252300767216,0.5002560134116218,2.55,3.19,3.11,2.48,3.25,3.16
2425,2024-11-09,Bochum,Leverkusen,1,0.6522518284680464,0.20868853283731686,0.1390596386946368,0.8251406908928723,0.051731931065857086,0.12312737804127058,10.94,6.8,1.24,11.26,6.81,1.25
2425,2024-11-09,Mainz,Dortmund,2,0.5001636304230292,0.25477214131632864,0.24506422826064206,0.47978971337365156,0.19341928235142292,0.3267910042749255,3.48,3.74,2.08,3.75,3.8,2.01
2425,2024-11-09,RB Leipzig,M'gladbach,1,0.12504440474209702,0.18872222581522852,0.6862333694426744,0.12061443320903803,0.05062055416982663,0.8287650126211354,1.6,4.67,5.11,1.66,4.4,4.94
2425,2024-11-09,St Pauli,Bayern Munich,0,0.297,0.253,0.45,0.6930710480176602,0.09605440638001704,0.21087454560232283,12.45,7.14,1.22,16.12,7.69,1.19
2425,2024-11-09,Werder Bremen,Kiel,2,0.297,0.253,0.45,0.2359284361341535,0.1115919143551136,0.6524796495107329,1.64,4.29,5.15,1.61,4.35,5.53
2425,2024-11-10,Augsburg,Hoffenheim,1,0.3715116725613534,0.2593790160775432,0.3691093113611035,0.32289432168774895,0.1883661977580967,0.48873948055415434,2.11,3.85,3.33,2.18,3.41,3.63
2425,2024-11-10,Heidenheim,Wolfsburg,0,0.2809013418149701,0.2815059516619983,0.43759270652303156,0.2790098521514361,0.14354335037153962,0.5774467974770243,2.91,3.27,2.61,2.95,3.29,2.6
2425,2024-11-10,Stuttgart,Ein Frankfurt,0,0.25203326304413365,0.2591209071514035,0.4888458298044629,0.24673906527840425,0.1188917808484573,0.6343691538731384,1.93,4.05,3.72,1.78,3.95,4.54
2425,2024-11-22,Bayern Munich,Augsburg,2,0.057578413223537774,0.11729570842544036,0.8251258783510219,0.07224387762193137,0.05,0.8777561223780685,1.12,11.15,21.63,1.11,11.5,23.0
2425,2024-11-23,Dortmund,Freiburg,2,0.13799816864918552,0.19865587462775963,0.6633459567230549,0.19632584011182047,0.08776482927587405,0.7159093306123056,1.69,4.18,4.86,1.82,3.87,4.52
2425,2024-11-23,Ein Frankfurt,Werder Bremen,2,0.22052670512707778,0.2558263734006636,0.5236469214722588,0.21574170793288097,0.09893908713650418,0.6853192049306149,1.71,4.24,4.59,1.79,4.13,4.37
2425,2024-11-23,Hoffenheim,RB Leipzig,2,0.49748107708679434,0.24352668334600377,0.2589922395672019,0.6063019486960054,0.13070405995280143,0.2629939913511932,3.49,3.7,2.09,3.21,3.75,2.22
2425,2024-11-23,Leverkusen,Heidenheim,2,0.12322144215513459,0.201991490831488,0.6747870670133773,0.08608877400817293,0.05,0.863911225991827,1.19,8.07,13.4,1.21,7.42,13.66
2425,2024-11-23,Stuttgart,Bochum,2,0.12776594687074622,0.19892271795589106,0.6733113351733628,0.09250982358683796,0.05,0.8574901764131619,1.33,6.24,7.44,1.34,6.01,8.33
2425,2024-11-23,Wolfsburg,Union Berlin,2,0.25340121311613834,0.3016164244996597,0.44498236238420197,0.3171379923332563,0.1813306922543325,0.5015313154124111,2.37,3.28,3.27,2.18,3.31,3.74
2425,2024-11-24,Kiel,Mainz,0,0.297,0.253,0.45,0.3743476649755223,0.2627900402774115,0.36286229474706627,3.15,3.49,2.33,3.35,3.39,2.3
2425,2024-11-24,M'gladbach,St Pauli,2,0.297,0.253,0.45,0.2678057179463503,0.13442300193032897,0.5977712801233208,1.83,3.77,4.49,1.92,3.75,4.14
2425,2024-11-29,St Pauli,Kiel,2,0.297,0.253,0.45,0.2608719607549419,0.1290983979074301,0.610029641337628,1.71,3.83,5.22,1.67,3.84,5.61
2425,2024-11-30,Augsburg,Bochum,2,0.2269110472915386,0.25777911282495386,0.5153098398835075,0.22846307238834182,0.10677473832019764,0.6647621892914605,1.72,3.99,4.88,1.82,3.8,4.61
2425,2024-11-30,Dortmund,Bayern Munich,1,0.38938039320687234,0.22927385237679343,0.3813457544163342,0.3888702853939962,0.25198215646599537,0.35914755814000837,4.67,4.38,1.68,4.69,4.17,1.73
2425,2024-11-30,Freiburg,M'gladbach,2,0.28352331192322744,0.25886863330745274,0.4576080547693198,0.28840674234012625,0.1517629898097429,0.5598302678501308,2.01,3.78,3.69,2.08,3.71,3.59
2425,2024-11-30,RB Leipzig,Wolfsburg,0,0.1312186388524447,0.21874978882609328,0.650031572321462,0.13450399651760117,0.05684753137804624,0.8086484721043526,1.7,4.17,4.8,1.79,3.89,4.64
2425,2024-11-30,Union Berlin,Leverkusen,0,0.5005746247364032,0.2796002169946955,0.2198251582689012,0.6529535893815465,0.11140407993226457,0.23564233068618903,4.72,3.84,1.78,4.88,3.47,1.9
2425,2024-11-30,Werder Bremen,Stuttgart,1,0.3852173266098394,0.2754817930262261,0.3393008803639346,0.44054400786622366,0.21696578640791395,0.3424902057258625,3.02,3.75,2.3,2.57,3.56,2.8
2425,2024-12-01,Heidenheim,Ein Frankfurt,0,0.31141296270382096,0.2743472207270927,0.41423981656908626,0.44182195708170185,0.21616091124189563,0.34201713167640263,3.85,3.73,1.97,4.09,3.54,1.99
2425,2024-12-01,Mainz,Hoffenheim,2,0.31607757925846425,0.2657526385156838,0.41816978222585194,0.2546774187300284,0.12452444304052003,0.6207981382294515,2.08,3.7,3.53,2.15,3.57,3.52
2425,2024-12-06,Stuttgart,Union Berlin,2,0.20645032241424444,0.27249767476410025,0.5210520028216554,0.1753561061171039,0.07658423746898836,0.7480596564139078,1.84,3.61,4.78,1.93,3.51,4.42
2425,2024-12-07,Bayern Munich,Heidenheim,2,0.08715314236465131,0.14693484245775731,0.7659120151775914,0.07536855461379156,0.05,0.8746314453862084,1.09,14.33,22.78,1.11,11.25,24.0
2425,2024-12-07,Bochum,Werder Bremen,0,0.3776142623011438,0.2754081998772342,0.34697753782162205,0.46035243263678577,0.20478682306027626,0.33486074430293805,3.21,3.59,2.25,3.62,3.8,2.05
2425,2024-12-07,Ein Frankfurt,Augsburg,1,0.19381960712940774,0.2477073060791245,0.5584730867914678,0.1518461510759334,0.06494035355777686,0.7832134953662897,1.56,4.43,5.91,1.54,4.4,6.39
2425,2024-12-07,Kiel,RB Leipzig,0,0.297,0.253,0.45,0.6558501418379968,0.11025955357342825,0.2338903045885749,5.49,4.42,1.59,6.95,4.91,1.46
2425,2024-12-07,Leverkusen,St Pauli,2,0.297,0.253,0.45,0.07718433368325163,0.05,0.8728156663167483,1.24,6.76,11.47,1.28,6.06,11.8
2425,2024-12-07,M'gladbach,Dortmund,1,0.5003120137144115,0.22960299291390093,0.27008499337168757,0.4797878495774085,0.19342034621755091,0.3267918042050406,3.24,3.87,2.14,3.45,3.88,2.08
2425,2024-12-08,Hoffenheim,Freiburg,1,0.2764305821654305,0.25195631535041596,0.47161310248415367,0.34148114462439705,0.21525775684338222,0.44326109853222073,2.73,3.45,2.54,2.51,3.3,3.07
2425,2024-12-08,Wolfsburg,Mainz,2,0.25452735279375277,0.28954960816931896,0.4559230390369284,0.3212313286036451,0.18628397800604302,0.49248469339031187,2.15,3.34,3.5,2.13,3.45,3.72
2425,2024-12-13,Freiburg,Wolfsburg,2,0.27946717348916045,0.2861211482694238,0.43441167824141586,0.2996722762502239,0.1624450921795053,0.5378826315702707,2.26,3.45,3.38,2.32,3.46,3.25
2425,2024-12-14,Augsburg,Leverkusen,0,0.5757693127830765,0.24208224591600092,0.18214844130092256,0.7238629060039761,0.08494776958546738,0.19118932441055655,5.59,4.28,1.6,6.3,4.09,1.59
2425,2024-12-14,M'gladbach,Kiel,2,0.297,0.253,0.45,0.2047830352766098,0.09252511047807292,0.7026918542453173,1.46,4.89,6.75,1.43,5.29,7.5
2425,2024-12-14,Mainz,Bayern Munich,2,0.6043263412215374,0.2198555040340583,0.17581815474440435,0.5936980458951201,0.13622100677290205,0.27008094733197796,6.86,4.87,1.46,6.26,4.59,1.53
2425,2024-12-14,St Pauli,Werder Bremen,0,0.297,0.253,0.45,0.3413761084391317,0.21508183883243742,0.44354205272843095,2.69,3.36,2.75,3.0,3.19,2.63
2425,2024-12-14,Union Berlin,Bochum,0,0.18723482984667422,0.26368128935144236,0.5490838808018835,0.1774989241364077,0.07768953932317091,0.7448115365404214,1.6,4.01,6.13,1.67,3.93,5.68
2425,2024-12-15,Dortmund,Hoffenheim,1,0.13889700563060176,0.173717117356601,0.6873858770127973,0.1517219576068028,0.06488101092215079,0.7833970314710463,1.45,5.13,6.46,1.36,5.51,8.55
2425,2024-12-15,Heidenheim,Stuttgart,0,0.3456978867174815,0.2745329469561855,0.37976916632633306,0.5338469415960455,0.1644657700753729,0.3016872883285816,4.27,3.93,1.83,4.72,4.07,1.75
2425,2024-12-15,RB Leipzig,Ein Frankfurt,2,0.14754857242881558,0.21928459538144174,0.6331668321897427,0.2516859565755224,0.12237289827934075,0.6259411451451369,2.11,3.92,3.29,2.3,3.76,3.06
2425,2024-12-20,Bayern Munich,RB Leipzig,2,0.22580702316847945,0.22759029987239254,0.5466026769591281,0.23311740264664924,0.10975773811902724,0.6571248592343235,1.21,7.48,13.15,1.22,7.36,12.59
2425,2024-12-21,Ein Frankfurt,Mainz,0,0.23221070953135375,0.2717032083926708,0.4960860820759755,0.25057477952840473,0.12158277797565284,0.6278424424959423,1.85,4.02,4.05,2.1,3.6,3.63
2425,2024-12-21,Hoffenheim,M'gladbach,0,0.2794171437706524,0.22967520542029218,0.4909076508090555,0.3194411217383532,0.184088581492144,0.4964702967695029,2.4,3.66,2.91,2.3,3.63,3.14
2425,2024-12-21,Kiel,Augsburg,2,0.297,0.253,0.45,0.34888767268895754,0.2286606949252937,0.42245163238574873,3.17,3.25,2.44,3.59,3.36,2.21
2425,2024-12-21,Leverkusen,Freiburg,2,0.12417592789663974,0.20711224431379396,0.6687118277895664,0.11388868470401381,0.05,0.8361113152959861,1.37,5.33,8.23,1.39,5.32,8.17
2425,2024-12-21,Stuttgart,St Pauli,0,0.297,0.253,0.45,0.13000926945426414,0.05480942521166069,0.8151813053340752,1.47,4.73,6.93,1.46,4.77,7.33
2425,2024-12-21,Werder Bremen,Union Berlin,2,0.2893751307246594,0.30056542882678655,0.410059440448554,0.24662666705357641,0.11881376015086739,0.6345595727955562,2.11,3.38,3.78,2.33,3.25,3.43
2425,2024-12-22,Bochum,Heidenheim,2,0.4195853346232994,0.27155528070952056,0.3088593846671801,0.35325682316353085,0.23772659222010947,0.40901658461635965,2.35,3.55,3.07,2.11,3.47,3.74
2425,2024-12-22,Wolfsburg,Dortmund,0,0.47530594152700356,0.2560861890096703,0.2686078694633261,0.4167137658061772,0.232491312650876,0.35079492154294684,3.09,3.65,2.29,3.35,3.76,2.15
2425,2025-01-10,Dortmund,Leverkusen,0,0.3155787666171749,0.2522483311824927,0.43217290220033244,0.4049556069755708,0.24053454750757958,0.35450984551684966,2.92,3.6,2.43,3.88,3.82,1.96
2425,2025-01-11,Freiburg,Kiel,2,0.297,0.253,0.45,0.18228873316056524,0.08018944192227014,0.7375218249171646,1.4,5.21,7.67,1.46,5.04,6.73
2425,2025-01-11,Heidenheim,Union Berlin,2,0.2568162919746876,0.2932991293231441,0.44988457870216836,0.32456978412228066,0.19050793690471,0.4849222789730093,3.24,3.29,2.38,3.25,3.46,2.32
2425,2025-01-11,Hoffenheim,Wolfsburg,0,0.27736674878813805,0.25594453916761295,0.466688712044249,0.33173821592969804,0.20022858800702886,0.46803319606327304,2.44,3.45,3.0,2.36,3.48,3.15
2425,2025-01-11,M'gladbach,Bayern Munich,0,0.6119241440805464,0.19723476223283407,0.19084109368661953,0.6229182969655891,0.12363494785346442,0.25344675518094645,7.2,5.47,1.4,8.68,5.86,1.34
2425,2025-01-11,Mainz,Bochum,2,0.18818610734940225,0.25208718235542943,0.5597267102951684,0.1415966412232879,0.06011171166761347,0.7982916471090987,1.57,4.38,5.81,1.68,3.97,5.47
2425,2025-01-11,St Pauli,Ein Frankfurt,0,0.297,0.253,0.45,0.4295335785694305,0.2240149138767069,0.34645150755386267,3.8,3.4,2.1,3.58,3.43,2.18
2425,2025-01-12,Augsburg,Stuttgart,0,0.41988792856590346,0.2750513466119262,0.3050607248221704,0.5588557432423621,0.1522266511412689,0.28891760561636903,3.76,3.71,2.0,4.15,3.69,1.93
2425,2025-01-12,RB Leipzig,Werder Bremen,2,0.10759948117949585,0.19262286467688364,0.6997776541436206,0.18617563396217407,0.08224884173369841,0.7315755243041275,1.76,4.18,4.34,1.91,3.85,4.06
2425,2025-01-14,Ein Frankfurt,Freiburg,2,0.25304689911641537,0.2690507066671348,0.47790239421644987,0.24802693056955916,0.11978909739350765,0.6321839720369332,1.72,4.19,4.77,1.7,4.13,5.03
2425,2025-01-14,Kiel,Dortmund,2,0.297,0.253,0.45,0.6424183852680952,0.1156175514632339,0.2419640632686708,5.52,4.77,1.56,6.9,4.8,1.48
2425,2025-01-14,Leverkusen,Mainz,2,0.11275990299495542,0.20531092700836634,0.6819291699966783,0.12981642913480862,0.054722491333455914,0.8154610795317355,1.38,5.26,8.51,1.37,5.25,8.81
2425,2025-01-14,Wolfsburg,M'gladbach,2,0.28104324787920043,0.2622726098461149,0.4566841422746847,0.2927976927387926,0.15580969801028816,0.5513926092509193,1.95,3.86,3.87,1.9,3.81,4.14
2425,2025-01-15,Bayern Munich,Hoffenheim,2,0.08565376364529169,0.12824936731215492,0.7860968690425535,0.07714880518321543,0.05,0.8728511948167845,1.12,11.23,17.9,1.1,11.74,25.84
2425,2025-01-15,Bochum,St Pauli,2,0.297,0.253,0.45,0.3537047549314048,0.23871846524752027,0.40757677982107493,2.64,3.28,2.87,2.56,3.26,3.03
2425,2025-01-15,Stuttgart,RB Leipzig,2,0.42061169073564336,0.2717220920737003,0.3076662171906564,0.3269899945451209,0.19368427996854243,0.4793257254863367,2.01,3.81,3.63,2.01,3.88,3.64
2425,2025-01-15,Union Berlin,Augsburg,0,0.23277222166506253,0.290657140636851,0.4765706376980865,0.2825403861391543,0.14656539995916718,0.5708942139016785,1.84,3.56,4.74,2.2,3.33,3.65
2425,2025-01-15,Werder Bremen,Heidenheim,1,0.31740767073299286,0.27874573832120153,0.40384659094580555,0.2197863141573051,0.10138240526220833,0.6788312805804866,1.64,4.42,4.97,1.76,4.08,4.58
2425,2025-01-17,Ein Frankfurt,Dortmund,2,0.4502001362596481,0.25043633824106754,0.2993635254992843,0.3204264503433729,0.18529115325255507,0.494282396404072,2.61,3.64,2.71,2.89,3.58,2.49
2425,2025-01-18,Bayern Munich,Wolfsburg,2,0.09017751975292466,0.15632380510397864,0.7534986751430968,0.11287876581902195,0.05,0.837121234180978,1.17,8.66,14.14,1.14,9.0,21.0
2425,2025-01-18,Bochum,RB Leipzig,1,0.6397841787568072,0.2152176596479613,0.14499816159523163,0.6731573410830569,0.10354137022793287,0.2233012886890102,3.71,3.75,2.01,3.39,3.51,2.23
2425,2025-01-18,Heidenheim,St Pauli,0,0.297,0.253,0.45,0.2991044540739602,0.1618821501901315,0.5390133957359083,2.43,3.5,2.97,2.41,3.46,3.09
2425,2025-01-18,Kiel,Hoffenheim,0,0.297,0.253,0.45,0.3348358790595367,0.20474964730244224,0.460414473638021,2.94,3.63,2.39,2.99,3.53,2.44
2425,2025-01-18,Leverkusen,M'gladbach,2,0.11930227437726146,0.18205397726442568,0.6986437483583129,0.08466557291178815,0.05,0.8653344270882118,1.27,6.29,9.26,1.26,6.52,11.25
2425,2025-01-18,Stuttgart,Freiburg,2,0.22481745048334034,0.25864733865306516,0.5165352108635944,0.1957578047925528,0.08745062546219876,0.7167915697452485,1.67,4.39,4.78,1.61,4.37,5.54
2425,2025-01-19,Union Berlin,Mainz,2,0.2703622376995736,0.30980426873168077,0.4198334935687456,0.46382547972918237,0.20271472730898782,0.33345979296182987,2.63,3.2,2.94,2.86,3.15,2.78
2425,2025-01-19,Werder Bremen,Augsburg,0,0.25002200166231153,0.2710479608983189,0.47893003743936946,0.2274691779535332,0.10614616960642557,0.6663846524400413,1.88,3.79,4.19,1.91,3.73,4.2
2425,2025-01-24,Wolfsburg,Kiel,1,0.297,0.253,0.45,0.1847896164187425,0.08151125243264498,0.7336991311486125,1.44,5.08,7.11,1.47,4.94,6.39
2425,2025-01-25,Augsburg,Heidenheim,2,0.34992748013417685,0.2827353602279754,0.36733715963784785,0.26682885798282435,0.1336589679748541,0.5995121740423215,1.91,3.65,4.22,2.01,3.56,3.98
2425,2025-01-25,Dortmund,Werder Bremen,1,0.11370673438366578,0.17794487803095752,0.7083483875853768,0.19881211808864718,0.08914811147169029,0.7120397704396625,1.63,4.44,5.03,1.52,4.8,6.0
2425,2025-01-25,Freiburg,Bayern Munich,0,0.5862909884860861,0.22017721257592457,0.1935317989379894,0.6342453943197393,0.11894250385647208,0.24681210182378874,8.98,5.78,1.33,13.24,6.82,1.23
2425,2025-01-25,M'gladbach,Bochum,2,0.16951436158526317,0.21150294626809396,0.6189826921466428,0.20762495094787806,0.09416076485180788,0.6982142842003141,1.72,4.12,4.66,1.77,4.09,4.52
2425,2025-01-25,Mainz,Stuttgart,2,0.3631462768440682,0.2871749568070939,0.349678766348838,0.3636759586934479,0.26543019574687604,0.370893845559676,2.88,3.55,2.47,3.38,3.46,2.26
2425,2025-01-25,RB Leipzig,Leverkusen,1,0.28999815587176714,0.27133302295792405,0.43866882117030886,0.43095752901714496,0.2230915172583874,0.3459509537244677,3.79,4.03,1.92,3.63,3.54,2.13
2425,2025-01-26,Hoffenheim,Ein Frankfurt,1,0.30895338283835944,0.2498634000228307,0.4411832171388098,0.4531804451354873,0.2091244006257628,0.33769515423875,3.16,3.58,2.29,3.43,3.88,2.09
2425,2025-01-26,St Pauli,Union Berlin,2,0.297,0.253,0.45,0.2807314729501508,0.14500750293234657,0.5742610241175027,2.53,3.15,3.12,2.39,3.2,3.37
2425,2025-01-31,Werder Bremen,Mainz,2,0.2915482269036385,0.28886392668246147,0.41958784641390007,0.3522012617830403,0.2354387230279459,0.41236001518901383,2.35,3.46,3.19,2.4,3.45,3.13
2425,2025-02-01,Bayern Munich,Kiel,2,0.297,0.253,0.45,0.05283339929228623,0.05,0.8971666007077137,1.05,17.7,41.8,1.04,18.0,51.0
2425,2025-02-01,Bochum,Freiburg,0,0.41680021062227046,0.276076467241311,0.3071233221364186,0.43107758480467456,0.22301382594137,0.3459085892539555,2.88,3.42,2.54,2.74,3.35,2.74
2425,2025-02-01,Heidenheim,Dortmund,0,0.4844085942412072,0.24748771859993152,0.2681036871588613,0.543003097411807,0.15990707972699142,0.29708982286120167,4.49,4.04,1.76,4.82,4.11,1.72
2425,2025-02-01,St Pauli,Augsburg,1,0.297,0.253,0.45,0.3001897035230411,0.16296052590523213,0.5368497705717268,2.38,3.2,3.32,2.15,3.32,3.83
2425,2025-02-01,Stuttgart,M'gladbach,0,0.22522742082500619,0.2350332146528577,0.539739364522136,0.18151874992239908,0.07978479198517732,0.7386964580924237,1.58,4.65,5.2,1.68,4.31,4.94
2425,2025-02-01,Union Berlin,RB Leipzig,1,0.48902530893215895,0.2847113769787232,0.2262633140891178,0.6099310929660684,0.1291406968180554,0.26092821021587614,3.2,3.52,2.29,2.96,3.47,2.49
2425,2025-02-02,Ein Frankfurt,Wolfsburg,1,0.2539340426570372,0.2732319979430888,0.47283395939987405,0.22013208191056793,0.10159329087072057,0.6782746272187116,1.99,3.8,3.72,2.11,3.58,3.63
2425,2025-02-02,Leverkusen,Hoffenheim,2,0.12440323812668974,0.18094181533782833,0.694654946535482,0.0735561850213859,0.05,0.876443814978614,1.23,7.29,10.7,1.14,9.66,18.88
2425,2025-02-07,Bayern Munich,Werder Bremen,2,0.07005935564612106,0.13038358990430535,0.7995570544495736,0.09873427029459401,0.05,0.8512657297054059,1.09,12.89,20.27,1.1,12.94,20.92
2425,2025-02-08,Dortmund,Stuttgart,0,0.18280177218309754,0.2147755553294481,0.6024226724874544,0.3058443709321398,0.1687535504352002,0.5254020786326601,1.88,3.93,3.98,2.0,3.95,3.62
2425,2025-02-08,Freiburg,Heidenheim,2,0.27979147785273134,0.27737240316942413,0.4428361189778445,0.20206140442438844,0.09097600870764128,0.7069625868679703,1.74,3.99,4.77,1.71,3.81,5.41
2425,2025-02-08,Hoffenheim,Union Berlin,0,0.2529420475981244,0.2667006588779709,0.48035729352390477,0.2616087257990637,0.129653563419211,0.6087377107817253,2.26,3.6,3.2,2.38,3.57,3.06
2425,2025-02-08,M'gladbach,Ein Frankfurt,1,0.3180275613653405,0.2563495862398438,0.4256228523948158,0.3636829653824115,0.2654534492193026,0.3708635853982859,2.62,3.7,2.63,2.59,3.73,2.68
2425,2025-02-08,Mainz,Augsburg,1,0.23550988316646534,0.2791704456553038,0.4853196711782307,0.21471309512080158,0.09832448317667687,0.6869624217025215,1.78,3.72,4.88,1.83,3.6,4.87
2425,2025-02-08,Wolfsburg,Leverkusen,1,0.48995542456867136,0.2694843026727786,0.24056027275855005,0.6500277791127216,0.11256620721036323,0.2374060136769152,4.3,3.86,1.84,3.72,3.38,2.16
2425,2025-02-09,Kiel,Bochum,1,0.297,0.253,0.45,0.2765885151533061,0.14151375465320218,0.5818977301934917,2.31,3.54,3.15,2.4,3.49,3.09
2425,2025-02-09,RB Leipzig,St Pauli,2,0.297,0.253,0.45,0.14252478230934054,0.060543395818092566,0.796931821872567,1.57,4.39,5.81,1.66,4.11,5.36
2425,2025-02-14,Augsburg,RB Leipzig,1,0.5634244611795612,0.2479439995302231,0.18863153929021567,0.5248385286346104,0.16904259921789208,0.3061188721474975,3.02,3.41,2.48,3.09,3.4,2.44
2425,2025-02-15,Bochum,Dortmund,2,0.644812575108088,0.20016273175829952,0.15502469313361256,0.6003777127168433,0.13328008423959425,0.2663422030435626,4.98,4.27,1.66,5.77,4.48,1.57
2425,2025-02-15,Leverkusen,Bayern Munich,1,0.3484630002294632,0.2464348016212767,0.4051021981492601,0.2958472339778162,0.15870574707615165,0.5454470189460321,3.08,3.71,2.27,3.11,3.56,2.35
2425,2025-02-15,St Pauli,Freiburg,0,0.297,0.253,0.45,0.34982757207427134,0.23052569802864487,0.4196467298970838,2.6,3.25,2.94,2.59,3.1,3.14
2425,2025-02-15,Stuttgart,Wolfsburg,0,0.22595118605539596,0.2629775503990256,0.5110712635455784,0.20949717343601243,0.09524867605194667,0.695254150512041,1.76,4.24,4.32,1.57,4.61,5.63
2425,2025-02-15,Union Berlin,M'gladbach,0,0.29923833316921244,0.28111195837855607,0.4196497084522315,0.35028240055429166,0.23144388534895557,0.4182737140967528,2.28,3.57,3.18,2.16,3.59,3.48
2425,2025-02-16,Ein Frankfurt,Kiel,2,0.297,0.253,0.45,0.12769863884579583,0.053770465154181664,0.8185308960000226,1.34,5.94,8.04,1.34,5.71,8.82
2425,2025-02-16,Heidenheim,Mainz,0,0.2578448117909836,0.2813523882029494,0.4608028000060671,0.47533182696852844,0.19597789697240214,0.3286902760590693,3.69,3.53,2.08,3.8,3.44,2.1
2425,2025-02-16,Werder Bremen,Hoffenheim,0,0.3359712733948727,0.2560659103438974,0.40796281626123,0.24260327231918283,0.11605115232150802,0.6413455753593091,1.9,4.04,3.8,1.88,3.88,4.2
2425,2025-02-21,Freiburg,Werder Bremen,2,0.24556924136361213,0.27107132304897535,0.48335943558741257,0.2608235108748504,0.12906197554796706,0.6101145135771826,2.09,3.45,3.84,2.02,3.49,4.03
2425,2025-02-22,Dortmund,Union Berlin,2,0.12778942564341567,0.20972712842619154,0.6624834459303929,0.17502725204169278,0.07641530822580289,0.7485574397325043,1.57,4.52,5.55,1.52,4.59,6.34
2425,2025-02-22,Kiel,Leverkusen,0,0.297,0.253,0.45,0.8060478061654479,0.057663315565601045,0.13628887826895109,10.87,6.67,1.25,15.26,7.32,1.2
2425,2025-02-22,M'gladbach,Augsburg,0,0.21935218182841548,0.24126824919620612,0.5393795689753784,0.25597029052448467,0.1254656044270425,0.6185641050484728,1.83,3.82,4.4,1.97,3.58,4.12
2425,2025-02-22,Mainz,St Pauli,2,0.297,0.253,0.45,0.19282704947343957,0.0858401177708394,0.721332832755721,1.79,3.66,4.88,1.74,3.7,5.36
2425,2025-02-22,Wolfsburg,Bochum,1,0.1700757627907751,0.23857584186278882,0.5913483953464361,0.17042490555759626,0.07407021833224678,0.7555048761101569,1.56,4.53,5.71,1.66,4.35,5.0
2425,2025-02-23,Bayern Munich,Ein Frankfurt,2,0.10265826129531756,0.1586650234439278,0.7386767152607546,0.15693562852258364,0.0673906951800768,0.7756736762973396,1.3,6.5,8.28,1.26,6.85,10.75
2425,2025-02-23,Hoffenheim,Stuttgart,1,0.34531785364934603,0.25091873564245587,0.40376341070819816,0.4721989927697511,0.19779297037111868,0.33000803685913027,3.63,3.96,1.97,3.43,3.94,2.07
2425,2025-02-23,RB Leipzig,Heidenheim,1,0.12873885054397544,0.2087445724477326,0.6625165770082919,0.09793420523905969,0.05,0.8520657947609402,1.35,5.61,8.22,1.31,5.91,10.15
2425,2025-02-28,Stuttgart,Bayern Munich,0,0.5190343421990092,0.2302571668213324,0.25070849097965836,0.49787057432560206,0.1833222113389515,0.31880721433544656,4.94,4.37,1.67,4.45,4.18,1.76
2425,2025-03-01,Bochum,Hoffenheim,0,0.44689439257394376,0.24706547993395894,0.3060401274920973,0.35048740107037957,0.23186119260835913,0.4176514063212613,2.47,3.56,2.88,2.41,3.55,3.01
2425,2025-03-01,Ein Frankfurt,Leverkusen,0,0.4673942458468437,0.2647528440304894,0.2678529101226668,0.516443274088871,0.17339276927566197,0.31016395663546703,4.72,3.92,1.76,4.16,3.93,1.87
2425,2025-03-01,Heidenheim,M'gladbach,0,0.2847892804642617,0.25441071745382837,0.46080000208190997,0.3788348824895325,0.2594006620243908,0.36176445548607666,3.1,3.62,2.3,2.73,3.43,2.7
2425,2025-03-01,RB Leipzig,Mainz,0,0.1178410704515884,0.21225238241862904,0.6699065471297825,0.23914166592398733,0.113719855021248,0.6471384790547646,2.02,3.76,3.66,1.93,3.76,4.07
2425,2025-03-01,St Pauli,Dortmund,0,0.297,0.253,0.45,0.4635375248777379,0.20288583399897211,0.33357664112329005,4.31,3.73,1.87,4.39,3.71,1.88
2425,2025-03-01,Werder Bremen,Wolfsburg,0,0.31627257641434975,0.28722904829113693,0.39649837529451326,0.347796533536493,0.22654765614374442,0.42565581031976263,2.72,3.55,2.61,3.13,3.52,2.36
2425,2025-03-02,Augsburg,Freiburg,1,0.3480367646448942,0.2873083709439638,0.36465486441114203,0.33804457005855704,0.20967344924074663,0.45228198070069636,2.71,3.13,2.91,2.54,3.11,3.21
2425,2025-03-02,Union Berlin,Kiel,0,0.297,0.253,0.45,0.2620422565013289,0.1299813831843244,0.6079763603143468,1.62,4.25,5.45,1.57,4.36,6.0
2425,2025-03-07,M'gladbach,Mainz,0,0.2617669777784212,0.2627437187474039,0.47548930347417506,0.3543045581856073,0.24006729088913903,0.40562815092525367,2.65,3.43,2.74,2.73,3.5,2.67
2425,2025-03-08,Bayern Munich,Bochum,0,0.036599779543587035,0.08364415004492085,0.8797560704114922,0.04333114007706705,0.05,0.9066688599229329,1.11,12.4,17.74,1.17,8.25,17.0
2425,2025-03-08,Dortmund,Augsburg,0,0.09598785177921701,0.1647665845623468,0.7392455636584362,0.206497397695693,0.09350956014244872,0.6999930421618583,1.55,4.42,6.05,1.41,4.87,8.32
2425,2025-03-08,Freiburg,RB Leipzig,1,0.4833593180990808,0.27001525206704213,0.2466254298338771,0.3609902089877798,0.2571161639643027,0.3818936270479175,2.66,3.32,2.81,2.56,3.37,2.94
2425,2025-03-08,Kiel,Stuttgart,1,0.297,0.253,0.45,0.5609887296728316,0.15121306296777975,0.2877982073593887,5.89,4.71,1.52,6.23,4.82,1.51
2425,2025-03-08,Leverkusen,Werder Bremen,0,0.10259471300393207,0.18566722742670239,0.7117380595693656,0.06732673784446491,0.05,0.8826732621555351,1.27,6.39,10.17,1.33,5.74,9.49
2425,2025-03-08,Wolfsburg,St Pauli,1,0.297,0.253,0.45,0.19581779214631181,0.08748377508551011,0.7166984327681781,1.78,3.75,4.85,1.85,3.56,4.76
2425,2025-03-09,Ein Frankfurt,Union Berlin,0,0.23205196050631233,0.283860020131218,0.4840880193624697,0.15285946389745667,0.0654253307623582,0.7817152053401852,1.77,4.13,4.39,1.99,3.67,3.95
2425,2025-03-09,Hoffenheim,Heidenheim,1,0.277016172309362,0.24742867810585037,0.4755551495847876,0.2176625982087173,0.10009413125276537,0.6822432705385173,1.78,4.03,4.41,1.93,3.85,3.96
2425,2025-03-14,St Pauli,Hoffenheim,2,0.297,0.253,0.45,0.3301007065937505,0.19792188865362717,0.47197740475262234,2.31,3.3,3.37,2.35,3.22,3.44
2425,2025-03-15,Augsburg,Wolfsburg,2,0.34795427127451123,0.2910752125495862,0.3609705161759027,0.32734337365838784,0.1941566255022877,0.4785000008393244,2.63,3.29,2.87,2.48,3.28,3.13
2425,2025-03-15,Mainz,Freiburg,1,0.29769127533064776,0.29325705371961647,0.4090516709497358,0.24781453370217857,0.1196406838346025,0.632544782463219,2.02,3.45,4.0,1.86,3.54,4.74
2425,2025-03-15,RB Leipzig,Dortmund,2,0.26718922526128364,0.24722708019831569,0.4855836945404006,0.2620546396925125,0.12999075944320024,0.6079546008642872,2.43,3.68,2.87,2.8,3.64,2.52
2425,2025-03-15,Union Berlin,Bayern Munich,1,0.5900360732352371,0.23214768204259517,0.17781624472216767,0.7599417768148514,0.07258467241335474,0.16747355077179388,9.0,5.36,1.35,9.31,5.42,1.34
2425,2025-03-15,Werder Bremen,M'gladbach,0,0.32322060833618244,0.2605593656427211,0.41622002602109653,0.3091453146636758,0.17228087454205662,0.5185738107942676,2.42,3.68,2.87,2.24,3.78,3.15
2425,2025-03-16,Bochum,Ein Frankfurt,0,0.455580288841372,0.2647162849933594,0.27970342616526866,0.4978032147879489,0.18335901867284005,0.3188377665392111,3.13,3.66,2.27,2.73,3.54,2.64
2425,2025-03-16,Heidenheim,Kiel,2,0.297,0.253,0.45,0.3142819429994616,0.1780082027955249,0.5077098542050136,2.03,3.66,3.72,2.05,3.63,3.77
2425,2025-03-16,Stuttgart,Leverkusen,0,0.43195091865527474,0.2680456263508339,0.30000345499389136,0.4954489876498614,0.18464915825135558,0.319901854098783,3.09,3.6,2.32,3.34,3.45,2.28
2425,2025-03-28,Leverkusen,Bochum,2,0.060205375588214684,0.133983525068051,0.8058110993437343,0.05039984862702859,0.05,0.8996001513729713,1.23,6.93,11.71,1.23,7.02,12.77
2425,2025-03-29,Bayern Munich,St Pauli,2,0.297,0.253,0.45,0.0675909123751717,0.05,0.8824090876248283,1.15,9.41,16.44,1.12,9.5,26.0
2425,2025-03-29,Ein Frankfurt,Stuttgart,2,0.3153535382033647,0.27000959444090533,0.4146368673557301,0.30755414877720266,0.17056641926985822,0.5218794319529392,2.6,3.67,2.66,2.58,3.79,2.67
2425,2025-03-29,Hoffenheim,Augsburg,1,0.21069504776069892,0.23256748635893154,0.5567374658803697,0.3438318032852381,0.21928932053229513,0.4368788761824668,2.43,3.29,3.15,2.36,3.43,3.19
2425,2025-03-29,Kiel,Werder Bremen,0,0.297,0.253,0.45,0.3594714617201638,0.25285632780550527,0.3876722104743309,3.42,3.85,2.08,3.18,3.74,2.24
2425,2025-03-29,M'gladbach,RB Leipzig,2,0.5047061940525507,0.24656812751055854,0.24872567843689083,0.4112718858390439,0.23618096740969574,0.3525471467512603,2.94,3.58,2.41,3.01,3.71,2.35
2425,2025-03-29,Wolfsburg,Heidenheim,0,0.2773090088172416,0.28087629488247207,0.44181469630028636,0.18090211378105037,0.0794615068610398,0.7396363793579098,1.66,4.12,5.22,1.72,4.05,4.98
2425,2025-03-30,Dortmund,Mainz,2,0.12494951910638612,0.19686079112043317,0.6781896897731807,0.31903157548397404,0.18359281067033956,0.49737561384568646,1.67,4.17,5.07,1.67,4.24,5.02
2425,2025-03-30,Freiburg,Union Berlin,0,0.25561140144858285,0.2980282673018109,0.4463603312496063,0.20307653092481567,0.0915518488708119,0.7053716202043724,2.02,3.43,4.05,1.96,3.48,4.3
2425,2025-04-04,Augsburg,Bayern Munich,0,0.6696755434967929,0.1907491746646622,0.13957528183854484,0.6382451410554392,0.11730906743193766,0.24444579151262313,7.61,5.01,1.43,7.76,5.12,1.41
2425,2025-04-05,Bochum,Stuttgart,0,0.494851458261053,0.25586294536725485,0.24928559637169226,0.540357543089961,0.1612148025455928,0.2984276543644462,3.2,3.8,2.18,2.53,3.46,2.91
2425,2025-04-05,Freiburg,Dortmund,0,0.48033321673681445,0.25204772115620194,0.2676190621069836,0.3438594330646156,0.21933782952858477,0.4368027374067996,3.1,3.61,2.31,3.42,3.68,2.15
2425,2025-04-05,Heidenheim,Leverkusen,0,0.4996670679899464,0.2604787961434424,0.23985413586661125,0.7822999510231257,0.06523594232467993,0.15246410665219445,6.78,4.84,1.46,6.09,4.55,1.52
2425,2025-04-05,Mainz,Kiel,1,0.297,0.253,0.45,0.1255129037714825,0.052792987361927377,0.8216941088665901,1.43,5.01,7.05,1.44,5.07,7.16
2425,2025-04-05,RB Leipzig,Hoffenheim,2,0.1303683392866832,0.1875200350973931,0.6821116256159236,0.15726837070983873,0.06755217243633985,0.7751794568538214,1.58,4.55,5.43,1.72,4.29,4.65
2425,2025-04-05,Werder Bremen,Ein Frankfurt,2,0.34937369006585084,0.27792243443099934,0.3727038755031499,0.3777249260127542,0.2602348222314611,0.3620402517557847,2.65,3.73,2.58,2.34,3.71,3.03
2425,2025-04-06,St Pauli,M'gladbach,1,0.297,0.253,0.45,0.36242367831743727,0.26141343582280907,0.37616288585975366,2.52,3.45,2.89,2.3,3.61,3.16
2425,2025-04-06,Union Berlin,Wolfsburg,2,0.2928361047069765,0.30867625504190577,0.3984876402511177,0.35055779805778164,0.23200499956674422,0.4174372023754741,2.49,3.32,3.02,2.31,3.4,3.33
2425,2025-04-11,Wolfsburg,RB Leipzig,0,0.47822223854807516,0.27423873933238113,0.24753902211954373,0.4168229693591609,0.2324178407628404,0.35075918987799876,3.0,3.71,2.36,2.75,3.75,2.51
2425,2025-04-12,Bayern Munich,Dortmund,1,0.20748562727485298,0.20032776032626667,0.5921866123988805,0.15464820938650073,0.06628490977272732,0.779066880840772,1.43,5.36,6.51,1.44,5.35,6.6
2425,2025-04-12,Bochum,Augsburg,0,0.3416412563152026,0.27749922254146225,0.3808595211433352,0.4284870029560776,0.22469585938150843,0.34681713766241395,2.5,3.35,3.0,2.37,3.35,3.26
2425,2025-04-12,Hoffenheim,Mainz,2,0.2532392511436758,0.25499752346626114,0.4917632253900632,0.42110306837376515,0.22955557426833675,0.3493413573578982,2.69,3.5,2.66,2.46,3.48,3.0
2425,2025-04-12,Kiel,St Pauli,0,0.297,0.253,0.45,0.3463369435045456,0.22380267939975707,0.42986037709569735,3.28,3.42,2.29,3.59,3.5,2.16
2425,2025-04-12,Leverkusen,Union Berlin,1,0.11548352139598694,0.21870351952561295,0.6658129590784,0.07164562786766936,0.05,0.8783543721323306,1.34,5.61,8.99,1.38,5.12,8.87
2425,2025-04-12,M'gladbach,Freiburg,0,0.28527091905486074,0.2591677583429733,0.45556132260216603,0.28879825797356523,0.15211816641344442,0.5590835756129903,2.19,3.71,3.26,2.29,3.8,3.06
2425,2025-04-13,Ein Frankfurt,Heidenheim,2,0.25352342944776707,0.26433761533466976,0.4821389552175631,0.15662991211505387,0.06724247364089285,0.7761276142440533,1.75,4.18,4.43,1.76,4.06,4.62
2425,2025-04-13,Stuttgart,Werder Bremen,0,0.19398422464609832,0.24323428314430792,0.5627814922095938,0.21746551728338065,0.09997518321982744,0.682559299496792,1.67,4.62,4.53,1.75,4.31,4.44
2425,2025-04-19,Freiburg,Hoffenheim,2,0.2949327848047418,0.25510225563768263,0.44996495955757565,0.250921604900819,0.12182887510134134,0.6272495199978397,1.96,3.75,3.85,1.94,3.8,4.0
2425,2025-04-19,Heidenheim,Bayern Munich,0,0.5914974012169876,0.21548698943624636,0.19301560934676604,0.7876385353162627,0.06351356332750996,0.1488479013562274,9.06,6.38,1.29,9.59,6.57,1.27
2425,2025-04-19,Mainz,Wolfsburg,1,0.2979996219628729,0.29725162974288705,0.4047487482942401,0.24339571001810817,0.11659068545739695,0.6400136045244949,2.05,3.72,3.6,2.03,3.73,3.73
2425,2025-04-19,RB Leipzig,Kiel,1,0.297,0.253,0.45,0.09256914727959509,0.05,0.8574308527204049,1.31,6.22,8.55,1.48,5.21,6.11
2425,2025-04-19,Union Berlin,Stuttgart,1,0.35579039326550355,0.2985283689907931,0.3456812377437034,0.4015079052207924,0.24294392462177922,0.35554817015742834,2.87,3.43,2.54,3.2,3.5,2.32
2425,2025-04-19,Werder Bremen,Bochum,2,0.19970057211183231,0.24530941461122197,0.5549900132769457,0.17296039042759578,0.07535777978137007,0.7516818297910342,1.74,4.19,4.49,1.63,4.48,5.12
2425,2025-04-20,Augsburg,Ein Frankfurt,1,0.38306886408206686,0.27978578380591057,0.3371453521120227,0.3496319997920892,0.23013408115714407,0.42023391905076674,2.63,3.44,2.77,2.62,3.46,2.8
2425,2025-04-20,Dortmund,M'gladbach,2,0.13299978409414068,0.17472294530797736,0.6922772705978819,0.21413797215433725,0.09798201584101018,0.6878800120046525,1.43,5.46,6.47,1.37,5.91,7.62
2425,2025-04-20,St Pauli,Leverkusen,1,0.297,0.253,0.45,0.7324172604898085,0.08195619980913052,0.18562653970106097,5.42,3.93,1.67,5.08,3.93,1.72
2425,2025-04-25,Stuttgart,Heidenheim,0,0.22490213394817576,0.2538605244155929,0.5212373416362314,0.14445647924071198,0.061445314269123856,0.7940982064901642,1.51,4.97,5.99,1.51,4.86,6.06
2425,2025-04-26,Bayern Munich,Mainz,2,0.07950203385813893,0.14893579476275906,0.7715621713791021,0.12423779754627767,0.052225093599084095,0.8235371088546382,1.22,7.3,11.15,1.24,7.26,11.09
2425,2025-04-26,Ein Frankfurt,RB Leipzig,2,0.45567747920826107,0.26902174088753034,0.27530077990420865,0.3403105141947254,0.21331646647738414,0.4463730193278905,2.17,3.92,3.15,2.06,3.91,3.48
2425,2025-04-26,Hoffenheim,Dortmund,0,0.49198776769964725,0.22653432985860592,0.28147790244174686,0.46962703865375194,0.19929371457980738,0.3310792467664406,4.3,4.37,1.74,4.01,4.08,1.87
2425,2025-04-26,Kiel,M'gladbach,2,0.297,0.253,0.45,0.43663788709689966,0.21944289150342192,0.34391922139967845,3.18,3.9,2.16,2.51,3.83,2.72
2425,2025-04-26,Leverkusen,Augsburg,2,0.0869280890196094,0.17220517023937248,0.7408667407410182,0.10556245883929886,0.05,0.8444375411607011,1.37,5.23,8.61,1.47,4.77,6.41
2425,2025-04-26,Wolfsburg,Freiburg,0,0.27640448602224577,0.28558188891691966,0.43801362506083447,0.323401521322781,0.18900979549185917,0.48758868318535986,2.4,3.67,2.91,2.37,3.69,2.98
2425,2025-04-27,Bochum,Union Berlin,1,0.3819365181637734,0.2972195474903686,0.32084393434585795,0.37679548079803066,0.2609354564375512,0.3622690627644182,2.36,3.5,3.09,2.4,3.46,3.11
2425,2025-04-27,Werder Bremen,St Pauli,1,0.297,0.253,0.45,0.24115305985698707,0.11506946072350496,0.6437774794195079,1.92,3.74,4.07,2.03,3.6,3.87
2425,2025-05-02,Heidenheim,Bochum,1,0.17084485495725737,0.23046676606114233,0.5986883789816003,0.26101383081304663,0.12920510969620091,0.6097810594907525,2.32,3.59,3.13,2.41,3.39,3.15
2425,2025-05-03,Dortmund,Wolfsburg,2,0.13973145743117502,0.20332885550747568,0.6569396870613493,0.18511861949350922,0.08168600869993652,0.7331953718065544,1.32,6.21,7.74,1.27,6.72,9.89
2425,2025-05-03,M'gladbach,Hoffenheim,1,0.30117657105234347,0.2332697571826012,0.4655536717650554,0.2625739115481491,0.13038457021918787,0.6070415182326631,2.13,4.03,3.16,2.27,4.05,2.94
2425,2025-05-03,RB Leipzig,Bayern Munich,1,0.357050119514176,0.24933595376409098,0.393613926721733,0.4898038843416603,0.18777250912185867,0.322423606536481,4.46,4.73,1.66,4.19,4.77,1.72
2425,2025-05-03,St Pauli,Stuttgart,0,0.297,0.253,0.45,0.3876760773693801,0.25285350140184754,0.3594704212287723,2.73,3.52,2.61,2.86,3.53,2.53
2425,2025-05-03,Union Berlin,Werder Bremen,1,0.260465339830141,0.2954200070250445,0.4441146531448146,0.339437446350685,0.21189545468187795,0.448667098967437,2.78,3.45,2.61,3.38,3.49,2.25
2425,2025-05-04,Augsburg,Kiel,0,0.297,0.253,0.45,0.1895984198732902,0.08408605431364162,0.7263155258130682,1.85,3.81,4.29,1.79,4.1,4.4
2425,2025-05-04,Freiburg,Leverkusen,1,0.4952094697756719,0.2652301251357571,0.23956040508857107,0.5936825859850877,0.13622785895249617,0.2700895550624161,3.14,3.51,2.33,3.23,3.62,2.27
2425,2025-05-04,Mainz,Ein Frankfurt,1,0.3291482085857615,0.28860864595395697,0.38224314546028165,0.3348423525417626,0.20475932432435207,0.46039832313388535,2.41,3.67,2.89,2.37,3.62,3.02
2425,2025-05-09,Wolfsburg,Hoffenheim,1,0.29230770501811115,0.25849627955794025,0.4491960154239487,0.27877004540635003,0.1433408129564401,0.57788914163721,2.3,3.77,2.99,2.98,3.62,2.4
2425,2025-05-10,Bayern Munich,M'gladbach,2,0.0819995521651561,0.1287388610332399,0.7892615868016041,0.08698521424803603,0.05,0.8630147857519639,1.16,10.06,12.25,1.14,9.5,16.5
2425,2025-05-10,Bochum,Mainz,0,0.3872088503948531,0.2859552738500099,0.326835875755137,0.523914179663362,0.16951750412765634,0.3065683162089818,3.0,3.73,2.31,3.16,3.9,2.2
2425,2025-05-10,Kiel,Freiburg,0,0.297,0.253,0.45,0.4415891968505016,0.21630730553686894,0.3421034976126295,3.29,3.88,2.12,3.59,3.85,2.04
2425,2025-05-10,Union Berlin,Heidenheim,0,0.29390514731807393,0.2998905498916515,0.4062043027902746,0.24878621423560918,0.12032104154904852,0.6308927442153422,2.21,3.55,3.33,2.11,3.57,3.64
2425,2025-05-10,Werder Bremen,RB Leipzig,1,0.5289097765803124,0.2563576706962078,0.2147325527234798,0.3762091459909686,0.26137845161800105,0.36241240239103034,2.38,3.7,2.92,1.95,4.18,3.59
2425,2025-05-11,Ein Frankfurt,St Pauli,1,0.297,0.253,0.45,0.1708747533444788,0.07429788546886526,0.7548273611866559,1.52,4.61,6.18,1.57,4.34,6.03
2425,2025-05-11,Leverkusen,Dortmund,0,0.25925800543021377,0.24275372032427547,0.49798827424551084,0.18510200362948967,0.08167717799546932,0.7332208183750409,2.66,4.08,2.43,2.59,3.89,2.6
2425,2025-05-11,Stuttgart,Augsburg,2,0.16926741278596752,0.2335130362227805,0.597219550991252,0.22546579415116855,0.10488792071149926,0.6696462851373323,1.56,4.54,5.67,1.53,4.78,5.84
2425,2025-05-17,Augsburg,Union Berlin,0,0.3187055119187576,0.3059112364653214,0.3753832516159209,0.26673358625806437,0.13358470359781457,0.5996817101441211,2.07,3.43,3.62,1.9,3.69,4.29
2425,2025-05-17,Dortmund,Kiel,2,0.297,0.253,0.45,0.1023641621089234,0.05,0.8476358378910765,1.07,13.97,18.89,1.13,10.5,18.0
2425,2025-05-17,Freiburg,Ein Frankfurt,0,0.30961757843030785,0.27888073391107565,0.41150168765861656,0.3324053028990462,0.20118429889912778,0.466410398201826,2.38,3.77,2.74,2.38,3.68,2.98
2425,2025-05-17,Heidenheim,Werder Bremen,0,0.24644360586997044,0.2664417816622888,0.4871146124677407,0.3613525350704295,0.258175035896777,0.38047242903279355,2.31,3.91,2.76,2.74,3.77,2.52
2425,2025-05-17,Hoffenheim,Bayern Munich,0,0.6050561680899152,0.1956247641671639,0.19931906774292085,0.7289826059790997,0.08315265733708258,0.18786473668381776,5.05,5.25,1.5,4.5,4.61,1.67
2425,2025-05-17,M'gladbach,Wolfsburg,0,0.2860631634566248,0.2631354587538132,0.450801377789562,0.29128971710195983,0.1544040244559228,0.5543062584421173,2.17,4.31,2.79,2.29,4.1,2.84
2425,2025-05-17,Mainz,Leverkusen,1,0.513085286145427,0.26731706473274536,0.21959764912182755,0.5090033108931451,0.17731871858866632,0.3136779705181885,2.18,3.99,2.93,2.55,3.72,2.73
2425,2025-05-17,RB Leipzig,Stuttgart,0,0.170067039231601,0.2303508418962328,0.5995821188721663,0.26995419226775336,0.13612014750106743,0.5939256602311793,1.97,4.31,3.2,1.91,4.4,3.6
2425,2025-05-17,St Pauli,Bochum,0,0.297,0.253,0.45,0.21466023426006878,0.09829297125104454,0.6870467944888867,1.66,4.19,4.65,1.76,4.09,4.57
