model,class,fav_side,n,roi,closing_price_edge,avg_odds,avg_edge,avg_p_model,realised_rate,calib_gap
M2_Elo_Platt,away,home_fav,443,-0.16503386004514672,-0.017038925633993427,6.964808126410835,0.4582400056802194,0.2478898951914182,0.16478555304740405,0.08310434214401416
M2_Elo_Platt,away,away_fav,50,-0.12499999999999996,-0.04433776256667153,2.1102,0.11458232218198257,0.5321191747850826,0.42,0.11211917478508265
M2_Elo_Platt,away,balanced,41,-0.074390243902439,-0.04610950347061588,2.7170731707317075,0.16449590835558625,0.4298155657119408,0.34146341463414637,0.08835215107779443
M2_Elo_Platt,draw,home_fav,43,0.05465116279069762,0.015784632568936918,6.810000000000001,0.47178782442617867,0.2198454868857981,0.16279069767441862,0.05705478921137949
M2_Elo_Platt,draw,away_fav,14,-0.2714285714285714,-0.025766665748645706,4.328571428571428,0.08389558007664029,0.2546364120926489,0.14285714285714285,0.11177926923550607
M2_Elo_Platt,draw,balanced,19,0.20684210526315788,0.000961238543281702,3.8368421052631576,0.07934706075089021,0.281429130101229,0.3157894736842105,0.03436034358298151
M2_Elo_Platt,home,home_fav,118,0.015423728813559308,-0.03484598833360989,2.1271186440677967,0.1175478987585652,0.5297032891810505,0.4830508474576271,0.046652441723423366
M2_Elo_Platt,home,away_fav,238,0.4083193277310925,-0.0024186727453529,5.775420168067227,0.38034017705288875,0.27291809045756565,0.2605042016806723,0.012413888776893367
M2_Elo_Platt,home,balanced,71,-0.3912676056338028,-0.032674875489497164,2.692957746478873,0.18054272761412277,0.4407200048004858,0.22535211267605634,0.21536789212442944
M3_LGBM_uncal,away,home_fav,339,-0.19348082595870209,-0.025496905589942588,7.621120943952803,0.6347723431869875,0.25821389129270156,0.14454277286135694,0.11367111843134461
M3_LGBM_uncal,away,away_fav,37,-0.17216216216216215,-0.039548922818570025,2.044864864864864,0.17510246933233897,0.5813790866296311,0.40540540540540543,0.1759736812242257
M3_LGBM_uncal,away,balanced,31,-0.20548387096774196,-0.05484037713948398,2.7022580645161294,0.27423552008669483,0.47241503964282877,0.2903225806451613,0.18209245899766746
M3_LGBM_uncal,draw,home_fav,186,0.38849462365591403,-0.010929099917151618,4.431720430107527,0.28082935041728035,0.30139305281804085,0.3387096774193548,0.037316624601313964
M3_LGBM_uncal,draw,away_fav,76,0.0907894736842105,-0.013820292693662806,3.8277631578947373,0.3291500668684069,0.34760512438590907,0.2894736842105263,0.05813144017538274
M3_LGBM_uncal,draw,balanced,60,0.15666666666666668,-0.013746220119876243,3.6074999999999995,0.2737302868420329,0.35281274467213336,0.31666666666666665,0.03614607800546671
M3_LGBM_uncal,home,home_fav,120,0.11383333333333333,-0.034842764803875007,2.0231666666666666,0.15628425665242637,0.5800226919550724,0.5583333333333333,0.02168935862173904
M3_LGBM_uncal,home,away_fav,246,0.34382113821138216,-0.004565326772001776,5.761382113821137,0.7152328362582867,0.32380839312000825,0.24796747967479674,0.07584091344521152
M3_LGBM_uncal,home,balanced,72,-0.14500000000000002,-0.029591494859958996,2.700416666666667,0.2476664174387332,0.46376822442504345,0.3194444444444444,0.14432377998059903
M2_Elo_Platt,away,p_quintile_Q1,156,-0.16525641025641027,0.007031401416516983,11.384102564102564,0.7841146036927199,0.16369986472310374,0.08333333333333333,0.08036653138977042
M2_Elo_Platt,away,p_quintile_Q3,115,-0.0608695652173913,-0.02921562436154464,4.224347826086956,0.24737002433690394,0.2969635552780377,0.22608695652173913,0.07087659875629856
M2_Elo_Platt,away,p_quintile_Q5,65,-0.03569230769230768,-0.04692599056659558,2.2455384615384615,0.15978753477763732,0.521257176936277,0.4307692307692308,0.09048794616704625
M2_Elo_Platt,away,p_quintile_Q4,101,0.0226732673267327,-0.03557746096018144,3.198613861386138,0.198407216181871,0.3763611786620387,0.32673267326732675,0.049628505394711975
M2_Elo_Platt,away,p_quintile_Q2,97,-0.511340206185567,-0.028342378371957664,5.892577319587629,0.3533919721473367,0.23156120828597457,0.08247422680412371,0.14908698148185084
M2_Elo_Platt,draw,p_quintile_Q3,31,-0.26032258064516134,-0.0010362945130688332,3.8770967741935483,0.08282910444202028,0.279442819614701,0.1935483870967742,0.08589443251792683
M2_Elo_Platt,draw,p_quintile_Q2,44,0.2625,0.011723804758313628,6.829090909090909,0.4623174516820225,0.21626203340838346,0.20454545454545456,0.0117165788629289
M2_Elo_Platt,home,p_quintile_Q1,51,0.9823529411764707,0.010221160489073572,10.067058823529411,0.6265624024111759,0.16726441813467338,0.19607843137254902,0.028814013237875635
M2_Elo_Platt,home,p_quintile_Q3,61,0.08229508196721311,0.0029029592406995606,4.2821311475409845,0.2640700579732003,0.2970959345300437,0.26229508196721313,0.03480085256283055
M2_Elo_Platt,home,p_quintile_Q5,143,-0.08699300699300702,-0.03660360572660685,2.2201398601398603,0.1548685676189224,0.5249432710435592,0.42657342657342656,0.09836984447013264
M2_Elo_Platt,home,p_quintile_Q4,106,-0.06962264150943394,-0.025350026506137328,3.084056603773585,0.2075980945956821,0.3942718031732263,0.29245283018867924,0.10181897298454706
M2_Elo_Platt,home,p_quintile_Q2,66,0.5442424242424242,0.0032677550517523518,6.026212121212121,0.3787210393442049,0.2308723903985925,0.25757575757575757,0.026703367177165066
M3_LGBM_uncal,away,p_quintile_Q1,164,-0.40310975609756095,-0.018050794110549606,10.974390243902441,0.8446471324532616,0.17942675778970973,0.06097560975609756,0.11845114803361217
M3_LGBM_uncal,away,p_quintile_Q2,71,0.03577464788732394,-0.021868342024182467,5.397323943661972,0.46287279654113594,0.27258694926315563,0.18309859154929578,0.08948835771385985
M3_LGBM_uncal,away,p_quintile_Q4,62,0.07870967741935488,-0.058780339905829954,3.415,0.38553350853531787,0.4072950586450561,0.3064516129032258,0.1008434457418303
M3_LGBM_uncal,away,p_quintile_Q3,53,-0.12622641509433963,-0.021493889284018214,4.083962264150943,0.3546952018520981,0.3320036168488762,0.20754716981132076,0.12445644703755543
M3_LGBM_uncal,away,p_quintile_Q5,57,-0.22719298245614034,-0.04403987906210733,2.3122807017543856,0.2821034267415154,0.5624956943556053,0.3508771929824561,0.2116185013731492
M3_LGBM_uncal,draw,p_quintile_Q1,26,0.04730769230769232,0.020331311278290756,6.786923076923076,0.3883522290426733,0.21119311874169772,0.19230769230769232,0.018885426434005398
M3_LGBM_uncal,draw,p_quintile_Q2,93,0.38881720430107525,-0.01553070369768005,4.268494623655914,0.18942128009666204,0.2807427119888435,0.3333333333333333,0.05259062134448983
M3_LGBM_uncal,draw,p_quintile_Q4,80,0.160625,-0.015423777721420544,3.7316249999999997,0.43229001800152533,0.38407241850035856,0.3125,0.07157241850035856
M3_LGBM_uncal,draw,p_quintile_Q3,122,0.29254098360655734,-0.014128146927693543,3.7382786885245904,0.25137756573140463,0.33482958470062385,0.3442622950819672,0.009432710381343357
M3_LGBM_uncal,home,p_quintile_Q1,44,1.0636363636363635,-0.0033974685456198946,8.598863636363637,0.7802945496164628,0.2086975367208545,0.22727272727272727,0.01857519055187276
M3_LGBM_uncal,home,p_quintile_Q2,69,0.22478260869565225,0.012857248817008513,6.875072463768116,0.8662495650196669,0.2713232432483807,0.18840579710144928,0.08291744614693142
M3_LGBM_uncal,home,p_quintile_Q4,91,-0.09483516483516483,-0.006904337397324763,3.38989010989011,0.3889716346949939,0.41369015314738056,0.2857142857142857,0.12797586743309486
M3_LGBM_uncal,home,p_quintile_Q3,58,0.2831034482758621,-0.020174267571334312,4.7986206896551735,0.5790248948427317,0.3302102551460383,0.27586206896551724,0.05434818618052106
M3_LGBM_uncal,home,p_quintile_Q5,176,0.10056818181818179,-0.0362161881952662,2.357840909090909,0.28096208946485357,0.5565278736704324,0.48863636363636365,0.06789151003406879
M2_Elo_Platt,away,season_2021,134,-0.2865671641791045,0.022290385617525804,6.558358208955223,0.4373705020103074,0.2705068203318152,0.16417910447761194,0.10632771585420328
M2_Elo_Platt,away,season_2122,142,-0.05943661971830986,-0.03372965154055898,7.071971830985916,0.5266147056151042,0.26993977886230447,0.19014084507042253,0.07979893379188194
M2_Elo_Platt,away,season_2223,143,-0.1048951048951049,-0.01659242255908982,5.088391608391608,0.2945392029238404,0.3257657018549132,0.26573426573426573,0.060031436120647486
M2_Elo_Platt,away,season_2324,115,-0.1788695652173913,-0.06504527438719267,6.014260869565218,0.34754547289721854,0.2859109792615556,0.1826086956521739,0.1033022836093817
M2_Elo_Platt,draw,season_2122,16,0.4256250000000001,-0.026081973381516597,4.81,0.14601958162436027,0.24278876516870318,0.25,0.00721123483129682
M2_Elo_Platt,draw,season_2223,25,0.17920000000000003,0.004961548881593027,5.1136,0.22049683535736783,0.24805151298117356,0.24,0.00805151298117357
M2_Elo_Platt,draw,season_2324,34,-0.2297058823529412,0.02285279798603252,6.349117647058824,0.4429687035819899,0.23801025914105925,0.14705882352941177,0.09095143561164748
M2_Elo_Platt,home,season_2021,137,0.10934306569343064,-0.019956314809822302,4.392262773722628,0.28360548842128364,0.3575906268071424,0.27007299270072993,0.08751763410641245
M2_Elo_Platt,home,season_2122,106,0.4235849056603773,0.0054063375506098925,4.547169811320755,0.28839173119952155,0.34560167078656717,0.3490566037735849,0.0034549329870177115
M2_Elo_Platt,home,season_2223,90,0.31266666666666665,-0.01944023996965698,3.7419999999999995,0.23344929586481306,0.4166508115684789,0.43333333333333335,0.016682521764854463
M2_Elo_Platt,home,season_2324,94,-0.17872340425531907,-0.032944914368767224,4.215212765957447,0.28485357238300635,0.37902497846788663,0.23404255319148937,0.14498242527639726
M3_LGBM_uncal,away,season_2021,39,-0.44897435897435894,0.03867009778000532,8.944102564102565,0.5438674255499466,0.24646823685872418,0.15384615384615385,0.09262208301257033
M3_LGBM_uncal,away,season_2122,116,-0.032586206896551735,-0.026013313190398245,7.903879310344827,0.6920344048779088,0.26512512574826086,0.1724137931034483,0.09271133264481257
M3_LGBM_uncal,away,season_2223,119,-0.18823529411764706,-0.01699918574621149,5.840756302521008,0.5148064237778458,0.3242480282827266,0.20168067226890757,0.12256735601381902
M3_LGBM_uncal,away,season_2324,133,-0.2604511278195489,-0.062214279775462226,5.881729323308271,0.5069107656881491,0.33637676986854825,0.17293233082706766,0.1634444390414806
M3_LGBM_uncal,draw,season_2021,109,0.3134862385321101,-0.017274945834145704,4.191834862385321,0.30480234263422906,0.3188432472397928,0.3302752293577982,0.01143198211800539
M3_LGBM_uncal,draw,season_2122,81,0.15506172839506174,-0.01850413666712406,3.846172839506173,0.28467700322309525,0.33616077877059264,0.2962962962962963,0.03986448247429636
M3_LGBM_uncal,draw,season_2223,87,0.12402298850574714,-0.010332391940410475,3.9234482758620692,0.25649117121128745,0.32473049338051263,0.28735632183908044,0.03737417154143219
M3_LGBM_uncal,draw,season_2324,45,0.6897777777777777,0.008284316183855406,4.9304444444444435,0.33503237703447447,0.2980304889811707,0.4222222222222222,0.12419173324105154
M3_LGBM_uncal,home,season_2021,139,0.28302158273381295,-0.01470877924135354,4.346330935251799,0.5691543995357867,0.42228704851030163,0.34532374100719426,0.07696330750310737
M3_LGBM_uncal,home,season_2122,100,0.2939,0.0013995134430144795,4.604,0.534980903293098,0.3938539483305306,0.32,0.0738539483305306
M3_LGBM_uncal,home,season_2223,89,0.38820224719101126,-0.02066250730484355,3.9024719101123595,0.42042870071874083,0.4263890300302499,0.449438202247191,0.023049172216941083
M3_LGBM_uncal,home,season_2324,110,-0.14072727272727273,-0.033556887926515594,4.0240909090909085,0.38640603949696695,0.42380892410960547,0.2818181818181818,0.14199074229142367
M2_Elo_Platt,away,promoted_False,412,-0.1642718446601942,-0.017445728329755897,6.120509708737864,0.3791111224058286,0.282500884681039,0.1941747572815534,0.08832612739948562
M2_Elo_Platt,away,promoted_True,122,-0.12073770491803276,-0.03662280126744662,6.398934426229507,0.4859015445640485,0.30863324602175335,0.22950819672131148,0.07912504930044187
M2_Elo_Platt,draw,promoted_False,65,0.03892307692307694,-0.0024286080339549045,5.19153846153846,0.22325619697297688,0.24360008413520268,0.2,0.043600084135202666
M2_Elo_Platt,draw,promoted_True,11,-0.00454545454545461,0.04492081222842443,8.08,0.7688505384020053,0.23012851895650718,0.18181818181818182,0.04831033713832536
M2_Elo_Platt,home,promoted_False,332,0.20816265060240963,-0.014683630587496981,4.156837349397591,0.2514651304575553,0.3689627117351648,0.3192771084337349,0.049685603301429904
M2_Elo_Platt,home,promoted_True,95,0.022210526315789427,-0.022446542541739542,4.596631578947369,0.3549865741136059,0.3816315126002563,0.30526315789473685,0.07636835470551945
M3_LGBM_uncal,away,promoted_False,312,-0.19192307692307692,-0.027418925556552922,6.430160256410256,0.5337777171143312,0.31215471524560445,0.1794871794871795,0.13266753575842496
M3_LGBM_uncal,away,promoted_True,95,-0.1942105263157895,-0.034232716389022325,7.755578947368419,0.6697817798810684,0.2768224255349607,0.17894736842105263,0.09787505711390809
M3_LGBM_uncal,draw,promoted_False,287,0.33156794425087105,-0.013314035498412747,4.080592334494773,0.2901250528753065,0.32471741556905487,0.33797909407665505,0.013261678507600183
M3_LGBM_uncal,draw,promoted_True,35,-0.18857142857142856,-0.002479995670191142,4.586571428571427,0.2973597512834881,0.2986275339855414,0.2,0.09862753398554142
M3_LGBM_uncal,home,promoted_False,312,0.3245192307692308,-0.016348567385975843,4.212756410256411,0.43253015812763734,0.40838090873201344,0.375,0.03338090873201344
M3_LGBM_uncal,home,promoted_True,126,-0.10674603174603178,-0.018524101332301753,4.2867460317460315,0.6157457241079018,0.438381399812267,0.2698412698412698,0.16854012997099715
