cut,value,n,roi,closing_price_edge,avg_odds,avg_edge,calib_gap,model,method
class,all,1022,0.04301369863013698,-0.021201751959866254,4.574099804305283,0.3928289633032786,0.06852537881069126,M1_DC,uncalibrated
class,home,438,0.185,-0.019523916312533,3.4923744292237444,0.39087544171303845,0.07051741141578788,M1_DC,uncalibrated
class,draw,214,0.1783644859813084,-0.01623637888705504,5.185467289719626,0.15901122642834736,0.02108372202504477,M1_DC,uncalibrated
class,away,370,-0.20335135135135135,-0.02605981101692995,5.5010270270270265,0.5303766339729014,0.117995209345327,M1_DC,uncalibrated
odds_bucket,6.0+,207,0.019758454106280226,0.0012070860002962639,9.44304347826087,1.0357123196093139,0.10559515367826022,M1_DC,uncalibrated
odds_bucket,3.5-6.0,375,0.12218666666666665,-0.020408283703159617,4.3578133333333335,0.28446713182082384,0.033710607447102914,M1_DC,uncalibrated
odds_bucket,2.0-3.5,338,-0.014289940828402356,-0.029984794380444785,2.7019526627218933,0.20321243123942934,0.08441355649954457,M1_DC,uncalibrated
odds_bucket,1.0-2.0,102,-0.010980392156862752,-0.040491082507543595,1.6919607843137254,0.11488013867731973,0.06864196513349985,M1_DC,uncalibrated
edge_bucket,>0.20,493,0.010243407707910759,-0.01698276765025173,5.76105476673428,0.6997979590509753,0.11729310772927301,M1_DC,uncalibrated
edge_bucket,0.05-0.10,220,0.10054545454545454,-0.01768578354758682,3.2650909090909095,0.0740657527378384,0.015426709380353731,M1_DC,uncalibrated
edge_bucket,0.10-0.20,263,0.03596958174904945,-0.02926127991023129,3.7106463878327,0.14488908358822047,0.061848245783713396,M1_DC,uncalibrated
edge_bucket,<=0.05,46,0.1593478260869565,-0.037154283794549554,3.050217391304348,0.045011132560726454,0.014451685727041919,M1_DC,uncalibrated
class,all,1070,-0.026457943925233637,-0.015883242129269788,5.516654205607477,0.5704972491823145,0.09729010215061742,M1_DC,platt
class,home,437,0.20169336384439362,-0.012871746843452566,4.409816933638444,0.4679724034015757,0.06623850152055749,M1_DC,platt
class,draw,8,0.16374999999999995,-0.03830331170370885,5.18625,0.1425925606231613,0.027192406747264697,M1_DC,platt
class,away,625,-0.188416,-0.017701902742560362,6.294784,0.6476598013657642,0.12059475742504824,M1_DC,platt
odds_bucket,6.0+,310,-0.03387096774193549,0.0014055965929858263,10.147709677419355,1.309710196874295,0.133765457312005,M1_DC,platt
odds_bucket,3.5-6.0,377,0.020291777188328922,-0.018512914333983062,4.505755968169762,0.36995891647345086,0.07724360382001128,M1_DC,platt
odds_bucket,2.0-3.5,371,-0.07633423180592992,-0.02735084830174968,2.792291105121294,0.17206393642733095,0.09294536846355361,M1_DC,platt
odds_bucket,1.0-2.0,12,0.23833333333333337,-0.02535588319029407,1.8683333333333332,0.09263863908452867,0.08087106714029901,M1_DC,platt
edge_bucket,>0.20,674,-0.04623145400593472,-0.010749417727955684,6.843724035608309,0.839624483723901,0.13011482167736016,M1_DC,platt
edge_bucket,0.05-0.10,132,0.04060606060606063,-0.024304678462326226,3.0966666666666667,0.07426298709159589,0.014133449225697203,M1_DC,platt
edge_bucket,<=0.05,37,-0.4964864864864864,-0.013479309075576101,3.1213513513513513,0.04447870949985692,0.20088612745375284,M1_DC,platt
edge_bucket,0.10-0.20,227,0.06986784140969166,-0.02662118738701832,3.3740088105726866,0.14571245835939176,0.031297874348189314,M1_DC,platt
class,all,1087,-0.0022723091076357034,-0.019392021755034416,4.845252989880405,0.4624319458098568,0.08971175993995684,M1_DC,isotonic
class,home,378,0.1818783068783069,-0.01632660126259256,3.9874867724867724,0.44000893169654115,0.08484245441525834,M1_DC,isotonic
class,draw,131,0.16725190839694656,-0.015108726284325691,4.668702290076336,0.16188386067567875,0.01947178782982978,M1_DC,isotonic
class,away,578,-0.16112456747404844,-0.022367524614560135,5.4462283737024215,0.5452134310821934,0.11764193683645874,M1_DC,isotonic
odds_bucket,6.0+,249,0.06253012048192771,-0.0011188390714592285,9.69421686746988,1.1692382585513332,0.11663299085790325,M1_DC,isotonic
odds_bucket,3.5-6.0,394,-0.008401015228426399,-0.017298361980690718,4.362842639593909,0.3418241492647418,0.07658317931852252,M1_DC,isotonic
odds_bucket,2.0-3.5,349,-0.034584527220630386,-0.029883221110163744,2.8026934097421203,0.18506199980862276,0.08533864505236038,M1_DC,isotonic
odds_bucket,1.0-2.0,95,-0.028,-0.03742882032726078,1.640315789473684,0.129029957605418,0.08966430059308972,M1_DC,isotonic
edge_bucket,>0.20,587,-0.07921635434412266,-0.016092447898691103,6.188279386712096,0.7627767340781599,0.13855860721798072,M1_DC,isotonic
edge_bucket,<=0.05,36,0.005277777777777776,-0.019432863837629908,2.9994444444444444,0.04411536382340458,0.00536225782955313,M1_DC,isotonic
edge_bucket,0.10-0.20,275,0.06330909090909093,-0.021124040965484397,3.444,0.14399057193050055,0.04891897156363356,M1_DC,isotonic
edge_bucket,0.05-0.10,189,0.1398412698412698,-0.027111991362581207,3.064497354497355,0.07263503604711245,0.015466162537794093,M1_DC,isotonic
class,all,1190,0.01696638655462185,-0.022294751760076018,4.135840336134454,0.3387761399389406,0.11292888404749712,M2_Elo,uncalibrated
class,home,843,0.06998813760379596,-0.02105046262315063,3.2262752075919336,0.35536078454854886,0.1281319614977749,M2_Elo,uncalibrated
class,draw,1,-1.0,0.005992945730982857,4.16,0.0999016141378517,0.2643994264754451,M2_Elo,uncalibrated
class,away,346,-0.10927745664739885,-0.025408114303194975,6.35184971098266,0.2990594321929907,0.07545008395208641,M2_Elo,uncalibrated
odds_bucket,6.0+,203,0.18788177339901477,-0.0019965760764347014,10.601477832512318,0.5790474259470355,0.05531081076376618,M2_Elo,uncalibrated
odds_bucket,3.5-6.0,237,0.07118143459915616,-0.015477330363855606,4.46831223628692,0.3725541466875619,0.06795965923175318,M2_Elo,uncalibrated
odds_bucket,2.0-3.5,478,-0.04891213389121337,-0.025096652687411153,2.641652719665272,0.2841715016535327,0.1314973688571292,M2_Elo,uncalibrated
odds_bucket,1.0-2.0,272,-0.04205882352941178,-0.038460008713815844,1.6465073529411764,0.22598407538511153,0.16248197014648447,M2_Elo,uncalibrated
edge_bucket,0.10-0.20,295,0.09559322033898306,-0.025968957593281466,3.2090169491525424,0.15107922579316738,0.04080104297202147,M2_Elo,uncalibrated
edge_bucket,>0.20,793,-0.0002143757881462866,-0.020264861167448023,4.6227112232030265,0.44277691434649497,0.14590469545297757,M2_Elo,uncalibrated
edge_bucket,0.05-0.10,90,-0.039999999999999994,-0.02597848417665768,2.733111111111111,0.07679228845341243,0.056204032387207115,M2_Elo,uncalibrated
edge_bucket,<=0.05,12,-0.35333333333333333,-0.0384844685655796,5.266666666666666,0.04515299006478043,0.13235649422628137,M2_Elo,uncalibrated
class,all,1037,-0.008399228543876562,-0.01767284407974597,5.347540983606557,0.34296328586922065,0.07054932851846751,M2_Elo,platt
class,home,427,0.16679156908665105,-0.01641074214640341,4.254683840749414,0.2744968333786907,0.055622046822246085,M2_Elo,platt
class,draw,76,0.03263157894736843,0.004424597530336841,5.609605263157895,0.3022237990219152,0.044281831280391454,M2_Elo,platt
class,away,534,-0.15432584269662922,-0.02182700716570771,6.184119850187265,0.40350893420976647,0.0862240084330374,M2_Elo,platt
odds_bucket,6.0+,293,0.08928327645051193,0.00655595277116008,10.063788395904437,0.7393651053448014,0.06692905888261796,M2_Elo,platt
odds_bucket,3.5-6.0,349,-0.006733524355300853,-0.02021365887073162,4.488280802292263,0.22296496202077587,0.05151749532852057,M2_Elo,platt
odds_bucket,2.0-3.5,349,-0.10495702005730657,-0.03041962735561431,2.7066762177650427,0.16336783725865742,0.10185971360099833,M2_Elo,platt
odds_bucket,1.0-2.0,46,0.0893478260869565,-0.056013403905472735,1.8623913043478257,0.09106097025723402,0.00045203270960081365,M2_Elo,platt
edge_bucket,>0.20,532,0.0017669172932330585,-0.012106967074659908,7.20703007518797,0.5635969228569757,0.09465017186659416,M2_Elo,platt
edge_bucket,0.10-0.20,284,-0.0009154929577464813,-0.020312466453574565,3.5952816901408453,0.14431448703582836,0.05334303102228932,M2_Elo,platt
edge_bucket,<=0.05,45,-0.12755555555555556,-0.03362867220172235,3.1582222222222223,0.04503279776304359,0.0632855801917726,M2_Elo,platt
edge_bucket,0.05-0.10,176,-0.020738636363636376,-0.026157966506163744,3.114090909090909,0.07277030834635496,0.02732096773672038,M2_Elo,platt
class,all,1065,-0.04694835680751174,-0.02625460994302746,4.250713615023474,0.24095834641331199,0.08216071487437548,M2_Elo,isotonic
class,home,375,-0.08448000000000001,-0.030558968478739,3.1765866666666662,0.21292081477053815,0.11849464104089352,M2_Elo,isotonic
class,draw,248,0.04681451612903227,-0.014937451285518833,5.679072580645162,0.25438195053531937,0.025492401049268698,M2_Elo,isotonic
class,away,442,-0.06771493212669683,-0.028952621020335863,4.360588235294118,0.25721404900105493,0.08313021604220844,M2_Elo,isotonic
odds_bucket,6.0+,211,-0.04454976303317535,-0.006163081737675064,8.746777251184833,0.424798721191823,0.059920536096988816,M2_Elo,isotonic
odds_bucket,3.5-6.0,336,0.03470238095238095,-0.020881673483083115,4.290178571428571,0.23558514808318437,0.04352885601709339,M2_Elo,isotonic
odds_bucket,2.0-3.5,350,-0.11685714285714285,-0.033294837609232165,2.721028571428571,0.18713717346678208,0.11449686657773767,M2_Elo,isotonic
odds_bucket,1.0-2.0,168,-0.06761904761904763,-0.047567344578140616,1.7117857142857145,0.13293743029392252,0.11999005536186669,M2_Elo,isotonic
edge_bucket,>0.20,482,-0.036763485477178434,-0.02470412687786871,5.425850622406639,0.39276508006621885,0.10583723935909037,M2_Elo,isotonic
edge_bucket,0.10-0.20,346,-0.031936416184971075,-0.02623511421419364,3.344797687861272,0.14630760344458768,0.07096386877452088,M2_Elo,isotonic
edge_bucket,0.05-0.10,194,-0.12860824742268046,-0.028627701774241794,3.20520618556701,0.07614803532546624,0.06822584392552933,M2_Elo,isotonic
edge_bucket,<=0.05,43,0.08651162790697677,-0.033084808648316685,3.084651162790698,0.04448187658818674,0.030272101102526594,M2_Elo,isotonic
class,all,1167,0.08400171379605825,-0.019836787197426965,5.080685518423308,0.45961848232384434,0.07025463876692062,M3_LGBM_dmwd,uncalibrated
class,home,438,0.20045662100456624,-0.01697440591848056,4.234041095890411,0.4852360058753847,0.0722623285404882,M3_LGBM_dmwd,uncalibrated
class,draw,322,0.2750310559006211,-0.012136422473606051,4.135590062111802,0.29091143313706536,0.0010998075844326771,M3_LGBM_dmwd,uncalibrated
class,away,407,-0.19245700245700248,-0.029009368134156343,6.739533169533169,0.5655231371704492,0.12454644123452055,M3_LGBM_dmwd,uncalibrated
odds_bucket,6.0+,264,0.06450757575757575,-0.007775992129699407,10.336287878787878,1.0432512103831861,0.1012699292513574,M3_LGBM_dmwd,uncalibrated
odds_bucket,3.5-6.0,514,0.1711089494163424,-0.015476764027375549,4.245291828793774,0.333380978797659,0.03664382544784517,M3_LGBM_dmwd,uncalibrated
odds_bucket,2.0-3.5,320,-0.026000000000000002,-0.03143788126819473,2.801,0.2549924184718592,0.10179121748700709,M3_LGBM_dmwd,uncalibrated
odds_bucket,1.0-2.0,69,0.01985507246376811,-0.04465927567048228,1.7678260869565217,0.11595727996773227,0.05570704699425211,M3_LGBM_dmwd,uncalibrated
edge_bucket,>0.20,786,0.0854325699745547,-0.017621287386447578,5.934669211195929,0.6246598192303076,0.09435241813373257,M3_LGBM_dmwd,uncalibrated
edge_bucket,0.05-0.10,125,0.0012000000000000099,-0.028503863965597738,3.0679999999999996,0.07798426727243431,0.008722924197188064,M3_LGBM_dmwd,uncalibrated
edge_bucket,0.10-0.20,235,0.16272340425531917,-0.021175433896523155,3.4796170212765953,0.14765078722335537,0.013079321651318365,M3_LGBM_dmwd,uncalibrated
edge_bucket,<=0.05,21,-0.3576190476190476,-0.03618994344127667,3.0142857142857142,0.04505631192199294,0.1743884131035348,M3_LGBM_dmwd,uncalibrated
class,all,1134,-0.050740740740740746,-0.0184391861577773,5.445423280423281,0.6069972920756999,0.10687825689087849,M3_LGBM_dmwd,platt
class,home,362,0.21383977900552487,-0.014769951525941767,4.7519889502762425,0.4500365666678571,0.05565688713108258,M3_LGBM_dmwd,platt
class,draw,42,-0.2671428571428572,-0.0035907818355108223,3.944523809523809,0.12523184543639926,0.09593144736559417,M3_LGBM_dmwd,platt
class,away,730,-0.1694931506849315,-0.021113016182790535,5.875643835616438,0.7125506227010285,0.13290825942938267,M3_LGBM_dmwd,platt
odds_bucket,6.0+,310,-0.03387096774193549,0.0005152418176548209,10.154225806451613,1.4595614499737752,0.1488068506836237,M3_LGBM_dmwd,platt
odds_bucket,3.5-6.0,444,-0.04545045045045044,-0.017460394713128522,4.423175675675676,0.36486894296366,0.09117085243770498,M3_LGBM_dmwd,platt
odds_bucket,2.0-3.5,366,-0.0760382513661202,-0.033618850341842615,2.8350546448087433,0.19799583198159995,0.09348347832202664,M3_LGBM_dmwd,platt
odds_bucket,1.0-2.0,14,0.06928571428571426,-0.07234625633207106,1.8414285714285714,0.10018532434591867,0.02678628958072249,M3_LGBM_dmwd,platt
edge_bucket,>0.20,764,-0.04600785340314136,-0.016155367334445263,6.517107329842932,0.8462609301896131,0.13307818298020996,M3_LGBM_dmwd,platt
edge_bucket,0.10-0.20,201,-0.06676616915422887,-0.02382718562167351,3.3552238805970154,0.14854498871667,0.06786440058960436,M3_LGBM_dmwd,platt
edge_bucket,0.05-0.10,150,0.030133333333333342,-0.023721339993633586,3.0864000000000003,0.073870617299322,0.012232363430140947,M3_LGBM_dmwd,platt
edge_bucket,<=0.05,19,-0.71,-0.011572165810624724,3.088421052631579,0.044918064317390996,0.21329539391285118,M3_LGBM_dmwd,platt
class,all,1170,-0.010230769230769217,-0.02543722193985062,4.609128205128205,0.48803600493951527,0.12103832799454295,M3_LGBM_dmwd,isotonic
class,home,260,0.16015384615384612,-0.02605612681982389,4.025769230769231,0.37457937696342225,0.09136275260103094,M3_LGBM_dmwd,isotonic
class,draw,269,0.13713754646840148,-0.013389047407087403,4.859776951672862,0.39225386700568676,0.04997270560126693,M3_LGBM_dmwd,isotonic
class,away,641,-0.14118564742589707,-0.03024228228387598,4.740561622464898,0.574251478228102,0.16289839355788815,M3_LGBM_dmwd,isotonic
odds_bucket,6.0+,223,0.09156950672645738,-0.008073924147467907,9.912017937219732,1.0322766610317589,0.10298914745026803,M3_LGBM_dmwd,isotonic
odds_bucket,1.0-2.0,145,-0.008689655172413806,-0.04265052327325233,1.716896551724138,0.2248905700399935,0.134755210907317,M3_LGBM_dmwd,isotonic
odds_bucket,2.0-3.5,359,-0.1242618384401114,-0.035148365939963205,2.8511699164345403,0.2890047767161128,0.1517059429408838,M3_LGBM_dmwd,isotonic
odds_bucket,3.5-6.0,443,0.030428893905191882,-0.02067375922724945,4.311015801354402,0.461495672397894,0.10078177150082887,M3_LGBM_dmwd,isotonic
edge_bucket,>0.20,848,-0.02698113207547171,-0.023472944295307444,5.148985849056604,0.6243249343911744,0.14959578701309387,M3_LGBM_dmwd,isotonic
edge_bucket,0.05-0.10,74,-0.10175675675675674,-0.031505287559404536,3.2094594594594597,0.076934135002745,0.07005713066663072,M3_LGBM_dmwd,isotonic
edge_bucket,0.10-0.20,233,0.08532188841201718,-0.02992726970480789,3.1942489270386267,0.1510744019993454,0.036651602271009054,M3_LGBM_dmwd,isotonic
edge_bucket,<=0.05,15,-0.09599999999999996,-0.036803185772556195,2.972000000000001,0.04540798396441891,0.06890435786905375,M3_LGBM_dmwd,isotonic
class,all,1153,0.06799653078924545,-0.019862672784452702,5.074232437120555,0.4545140938168184,0.07060467775205792,M4_LGBM,uncalibrated
class,home,453,0.22055187637969095,-0.018246793002894807,4.13280353200883,0.46502409225147506,0.06703533057726246,M4_LGBM,uncalibrated
class,draw,281,0.18967971530249111,-0.012474871618729401,4.10103202846975,0.3034275109390235,0.016642272052861562,M4_LGBM,uncalibrated
class,away,419,-0.17854415274463004,-0.026564261492361945,6.74472553699284,0.5444766248377276,0.1106532464194959,M4_LGBM,uncalibrated
odds_bucket,6.0+,266,-0.03349624060150376,-0.005216089224042091,10.411654135338345,1.003130105938161,0.10763466226729329,M4_LGBM,uncalibrated
odds_bucket,3.5-6.0,479,0.1513152400835073,-0.01598623754836919,4.241398747390397,0.33975282696782394,0.04296927531883754,M4_LGBM,uncalibrated
odds_bucket,2.0-3.5,326,0.047423312883435605,-0.032348556547665705,2.7730674846625765,0.2605450772149043,0.08086976556469572,M4_LGBM,uncalibrated
odds_bucket,1.0-2.0,82,-0.007682926829268319,-0.04037981422769398,1.7736585365853659,0.11637613050724815,0.0711042296732779,M4_LGBM,uncalibrated
edge_bucket,>0.20,767,0.089374185136897,-0.018539033025180042,5.9644719687092564,0.623020712431475,0.08760230398698954,M4_LGBM,uncalibrated
edge_bucket,0.05-0.10,112,0.10928571428571429,-0.028531896092816058,3.231875,0.07599162825480259,0.0006568856613896057,M4_LGBM,uncalibrated
edge_bucket,0.10-0.20,246,0.023821138211382115,-0.01846620556477755,3.371382113821138,0.14801490297988645,0.04656426424951299,M4_LGBM,uncalibrated
edge_bucket,<=0.05,28,-0.29464285714285715,-0.033713016386792666,3.0182142857142855,0.045540544223583515,0.09599450323735553,M4_LGBM,uncalibrated
class,all,1135,-0.04973568281938327,-0.019030878518762707,5.423533039647577,0.6087169243026122,0.10727448996211109,M4_LGBM,platt
class,home,370,0.21456756756756756,-0.015519700697126763,4.680108108108108,0.44698940011500726,0.05429657301241719,M4_LGBM,platt
class,draw,33,-0.17757575757575755,-0.0023293911577294477,3.9560606060606065,0.12012064724877158,0.07204532103840758,M4_LGBM,platt
class,away,732,-0.17756830601092896,-0.021558590099253695,5.8654644808743175,0.7124913247017796,0.13564114548925443,M4_LGBM,platt
odds_bucket,6.0+,311,-0.03697749196141479,0.0007691617880786681,10.141061093247588,1.462101408424445,0.1492761913710006,M4_LGBM,platt
odds_bucket,3.5-6.0,430,-0.0431860465116279,-0.019868664231775593,4.4369069767441855,0.3739708514528998,0.09230740291682427,M4_LGBM,platt
odds_bucket,2.0-3.5,374,-0.07315508021390374,-0.03250955876252021,2.824705882352941,0.19720661910183493,0.09384917848504803,M4_LGBM,platt
odds_bucket,1.0-2.0,20,0.048999999999999974,-0.05685779190210381,1.8765,0.08087146973146297,0.026993729148624634,M4_LGBM,platt
edge_bucket,>0.20,758,-0.05993403693931399,-0.01554404145723587,6.5622691292876,0.8550682460983062,0.13726180706225088,M4_LGBM,platt
edge_bucket,0.05-0.10,131,-0.13572519083969467,-0.030914426996734853,2.967557251908397,0.07546770751325478,0.0817422056838169,M4_LGBM,platt
edge_bucket,<=0.05,30,-0.05533333333333331,-0.022490224141332553,2.9783333333333335,0.044566864044903315,0.0094911889980408,M4_LGBM,platt
edge_bucket,0.10-0.20,216,0.03898148148148149,-0.0235794770064752,3.2565277777777775,0.1459662172933573,0.031107091385595753,M4_LGBM,platt
class,all,1152,-0.028498263888888892,-0.025890871207782034,4.584340277777778,0.4969956750586011,0.1219069575509441,M4_LGBM,isotonic
class,home,279,0.18763440860215055,-0.025872133870102967,3.910071684587814,0.3748332884983021,0.07592784475703723,M4_LGBM,isotonic
class,draw,212,0.07867924528301888,-0.015254158898901008,5.200424528301886,0.4731336306625759,0.06883513416228526,M4_LGBM,isotonic
class,away,661,-0.1540998487140696,-0.029310252034855006,4.671346444780635,0.5562121035945781,0.15833570040706457,M4_LGBM,isotonic
odds_bucket,6.0+,228,-0.08464912280701753,-0.008742250180649176,9.775570175438595,1.0477932991003287,0.1267606309441513,M4_LGBM,isotonic
odds_bucket,1.0-2.0,147,-0.043741496598639455,-0.041760674719805865,1.7066666666666666,0.22963205239629825,0.162879872121361,M4_LGBM,isotonic
odds_bucket,2.0-3.5,371,-0.04477088948787062,-0.03475060337780186,2.801752021563342,0.28664845916356196,0.12151655171113868,M4_LGBM,isotonic
odds_bucket,3.5-6.0,406,0.023423645320197056,-0.021679205796061418,4.3399014778325125,0.47669865867166533,0.10470297871120335,M4_LGBM,isotonic
edge_bucket,>0.20,823,-0.06657351154313489,-0.023940135185514216,5.159198055893075,0.6475085783307836,0.1588511730412477,M4_LGBM,isotonic
edge_bucket,0.05-0.10,104,-0.04807692307692306,-0.02625121696468443,3.073461538461539,0.07450373461466901,0.04318142999145308,M4_LGBM,isotonic
edge_bucket,0.10-0.20,210,0.15276190476190477,-0.03600074608935852,3.173571428571429,0.14860555125311428,0.017509275472543717,M4_LGBM,isotonic
edge_bucket,<=0.05,15,-0.3413333333333333,0.011115391293717894,3.27,0.04559356921293209,0.10229887449303171,M4_LGBM,isotonic
