model,threshold,signal_count,unique_matches,roi,roi_ci_lo,roi_ci_hi,avg_odds,avg_edge,closing_price_edge,odds_clv,max_drawdown,p_mean_signal,y_mean_realized,calibration_gap,share_home,share_draw,share_away
M1_DC_uncal,0.02,1110,1110,0.052117117117117126,-0.06278941441441441,0.1658716216216216,4.459135135135135,0.3639905087564296,-0.02079312112380828,-0.004677451940317937,38.50999999999998,0.3724481604595381,0.3117117117117117,0.06073644874782641,0.42252252252252254,0.22252252252252253,0.35495495495495494
M1_DC_uncal,0.03,1052,1052,0.04499049429657794,-0.07063711977186311,0.16569249049429657,4.540494296577947,0.38263409377168134,-0.021111796079345293,-0.005631602441016823,38.44999999999999,0.36945437678114995,0.30228136882129275,0.0671730079598572,0.42395437262357416,0.21387832699619772,0.36216730038022815
M1_DC_uncal,0.04,1022,1022,0.04301369863013698,-0.07588600782778865,0.1636631604696673,4.574099804305283,0.3928289633032786,-0.021201751959866254,-0.005817645029898448,46.83999999999999,0.3698952418243899,0.3013698630136986,0.06852537881069126,0.42857142857142855,0.20939334637964774,0.36203522504892366
M1_DC_uncal,0.05,976,976,0.03753073770491804,-0.08281045081967214,0.16196849385245896,4.645922131147541,0.4092220168013906,-0.02044989082831356,-0.005305119473950651,40.86999999999999,0.3685427404589861,0.29610655737704916,0.07243618308193694,0.4293032786885246,0.20081967213114754,0.3698770491803279
M1_DC_uncal,0.06,930,930,0.034989247311827974,-0.09026397849462366,0.17564973118279567,4.706849462365591,0.4267524755113122,-0.020294869814055348,-0.00524469543125287,40.229999999999976,0.3669128879894772,0.28817204301075267,0.07874084497872452,0.42795698924731185,0.1978494623655914,0.3741935483870968
M1_DC_uncal,0.07,876,876,0.0027168949771689548,-0.13586586757990865,0.1255821917808219,4.78593607305936,0.44904544981407474,-0.02048605218521938,-0.005802943294213539,51.32999999999999,0.3657558552842322,0.273972602739726,0.0917832525445062,0.4269406392694064,0.18835616438356165,0.384703196347032
M1_DC_uncal,0.08,837,837,0.004934289127837518,-0.12376194743130225,0.1430504778972521,4.865698924731183,0.4664448594808935,-0.02120780740477808,-0.007119239049000229,50.669999999999995,0.3643267865804061,0.2712066905615293,0.09312009601887683,0.4265232974910394,0.1827956989247312,0.3906810035842294
M1_DC_uncal,0.1,756,756,0.019193121693121696,-0.12474636243386243,0.17953273809523806,5.047751322751322,0.5067542629574507,-0.021254260671911288,-0.0082465503218842,42.83999999999999,0.3599095115762543,0.2619047619047619,0.09800474967149236,0.42724867724867727,0.17328042328042328,0.3994708994708995
M2_Elo_Platt,0.02,1133,1133,-0.017934686672550743,-0.13442365401588705,0.1120178729037952,5.155481023830538,0.31644049111472394,-0.01828199153148297,-0.00540213132019499,60.349999999999994,0.3241584955606946,0.25419240953221534,0.06996608602847926,0.4077669902912621,0.08120035304501325,0.5110326566637247
M2_Elo_Platt,0.03,1085,1085,-0.020248847926267285,-0.1459285714285714,0.11542649769585252,5.246691244239631,0.3293202143666569,-0.01857556178326693,-0.006216350523132702,62.379999999999995,0.3218820652855288,0.2488479262672811,0.0730341390182477,0.40921658986175113,0.07649769585253456,0.5142857142857142
M2_Elo_Platt,0.04,1037,1037,-0.008399228543876562,-0.13812246865959502,0.1341728543876567,5.347540983606557,0.34296328586922065,-0.01767284407974597,-0.005707960228126078,60.8,0.3193439283256035,0.24879459980713597,0.07054932851846751,0.4117647058823529,0.07328833172613308,0.5149469623915139
M2_Elo_Platt,0.05,992,992,-0.002993951612903232,-0.14246471774193548,0.1283465221774193,5.446854838709677,0.3564782777691984,-0.01694904139276115,-0.005357295514937892,65.42,0.31684657516635184,0.24596774193548387,0.07087883323086797,0.4092741935483871,0.06854838709677419,0.5221774193548387
M2_Elo_Platt,0.06,957,957,0.014639498432601894,-0.12014184952978058,0.16359691745036573,5.529937304075235,0.3675185309444674,-0.016352717130860325,-0.005045274548920198,58.14,0.3149738136934984,0.2476489028213166,0.06732491087218181,0.4117032392894462,0.06269592476489028,0.5256008359456635
M2_Elo_Platt,0.07,904,904,-0.004214601769911507,-0.14183517699115045,0.15657107300884957,5.6687057522123885,0.3852147778878682,-0.016681401983206858,-0.006118962616235396,58.169999999999995,0.311250484852933,0.23672566371681417,0.07452482113611883,0.41150442477876104,0.05420353982300885,0.5342920353982301
M2_Elo_Platt,0.08,871,871,-0.010711825487944885,-0.15816044776119403,0.14945981630309985,5.779184845005741,0.39698121173021095,-0.016265961958065955,-0.006127851957767459,54.290000000000006,0.3070378186542203,0.22732491389207807,0.07971290476214224,0.41102181400688864,0.05510907003444317,0.5338691159586682
M2_Elo_Platt,0.1,816,816,0.0008333333333333439,-0.15233088235294118,0.1630818014705882,5.95,0.41767019274275285,-0.014962802642811577,-0.005262133996511725,49.120000000000005,0.3020873924550959,0.22181372549019607,0.08027366696489985,0.4117647058823529,0.051470588235294115,0.5367647058823529
M3_LGBM_uncal,0.02,1195,1195,0.0854142259414226,-0.03178682008368203,0.20685251046025102,5.041765690376569,0.4495267701618557,-0.020055030190581222,-0.003132898916983128,39.47,0.3515068570076198,0.28368200836820084,0.06782484863941896,0.3757322175732218,0.27866108786610877,0.34560669456066945
M3_LGBM_uncal,0.03,1181,1181,0.08130397967823878,-0.038586790855207456,0.21190707027942418,5.060338696020322,0.4545666454442445,-0.01988931379211909,-0.0029762218576161446,40.15999999999997,0.3514849936454418,0.2819644369178662,0.06952055672757557,0.37510584250635054,0.2768839966130398,0.34801016088060965
M3_LGBM_uncal,0.04,1167,1167,0.08400171379605825,-0.03536418166238216,0.2139865038560411,5.080685518423308,0.45961848232384434,-0.019836787197426965,-0.002986663523582763,43.24999999999997,0.3513171923230474,0.2810625535561268,0.07025463876692062,0.37532133676092544,0.2759211653813196,0.34875749785775495
M3_LGBM_uncal,0.05,1146,1146,0.09209424083769632,-0.031173211169284468,0.22069219022687606,5.118551483420594,0.4672151713102658,-0.019537122030654847,-0.002765819382769345,44.04999999999998,0.35019634098239283,0.28184991273996507,0.06834642824242776,0.3743455497382199,0.2766143106457243,0.34904013961605584
M3_LGBM_uncal,0.06,1134,1134,0.08074955908289241,-0.04184876543209874,0.2066501322751323,5.144876543209875,0.47156814375411077,-0.019550580597379637,-0.0029793060558034137,49.329999999999984,0.34922559904178613,0.2760141093474427,0.07321148969434343,0.37213403880070545,0.2760141093474427,0.35185185185185186
M3_LGBM_uncal,0.07,1107,1107,0.08874435411020777,-0.03340582655826559,0.21649932249322493,5.198355916892502,0.48148837313053156,-0.019084532371413273,-0.0027489342172884444,45.69,0.3477744884572732,0.2755194218608853,0.07225506659638792,0.3721770551038844,0.27371273712737126,0.35411020776874436
M3_LGBM_uncal,0.08,1083,1083,0.08686057248384117,-0.042038781163434895,0.21741989843028622,5.25174515235457,0.49049968276393674,-0.018793393998708375,-0.002611641462372473,44.059999999999974,0.34536602112995096,0.2696214219759926,0.07574459915395837,0.3656509695290859,0.2760849492151431,0.358264081255771
M3_LGBM_uncal,0.1,1021,1021,0.10322233104799217,-0.033851371204701254,0.2500871694417238,5.369598432908913,0.5148683182296867,-0.018439332861342545,-0.0029407813404342302,36.34,0.3430309904418939,0.267384916748286,0.07564607369360787,0.3604309500489716,0.2732615083251714,0.366307541625857
M4_LGBM_uncal,0.02,1192,1192,0.06578859060402684,-0.056531459731543596,0.18422588087248318,5.003531879194631,0.4406604975429242,-0.019890391222367756,-0.003047738284193572,53.919999999999945,0.3584505015422278,0.28859060402684567,0.06985989751538213,0.3951342281879195,0.24664429530201343,0.35822147651006714
M4_LGBM_uncal,0.03,1176,1176,0.06700680272108843,-0.04501381802721088,0.1993005952380952,5.033061224489796,0.44630575934886924,-0.019866955762327866,-0.003232235949420508,54.85999999999997,0.35768118495232426,0.28741496598639454,0.07026621896592972,0.39285714285714285,0.24489795918367346,0.3622448979591837
M4_LGBM_uncal,0.04,1153,1153,0.06799653078924545,-0.05318777103209019,0.1948510407632264,5.074232437120555,0.4545140938168184,-0.019862672784452702,-0.0033719955550224902,53.06999999999998,0.3568145650027084,0.2862098872506505,0.07060467775205792,0.39288811795316564,0.24371205550737207,0.3633998265394623
M4_LGBM_uncal,0.05,1125,1125,0.07702222222222223,-0.048524444444444446,0.20211199999999999,5.125404444444444,0.464692991051139,-0.019517953121461123,-0.0032085505441158233,49.11999999999995,0.3553060865399794,0.2853333333333333,0.06997275320664609,0.39022222222222225,0.24533333333333332,0.36444444444444446
M4_LGBM_uncal,0.06,1102,1102,0.07731397459165155,-0.0461043557168784,0.2045995916515426,5.160943738656987,0.4732283576505089,-0.019523535452380683,-0.0034412799706347785,50.19999999999996,0.354477061464918,0.2822141560798548,0.07226290538506319,0.39019963702359345,0.24591651542649728,0.36388384754990927
M4_LGBM_uncal,0.07,1090,1090,0.07787155963302753,-0.050657798165137616,0.200255504587156,5.178568807339449,0.4777288248160186,-0.019124700220569852,-0.0029640771691554994,50.17999999999995,0.35465033500941956,0.281651376146789,0.07299895886263058,0.39174311926605504,0.24587155963302754,0.3623853211009174
M4_LGBM_uncal,0.08,1063,1063,0.078137347130762,-0.0519442615239887,0.2170531514581373,5.242812793979304,0.48796422255157496,-0.01847225495660933,-0.0024411186135672195,46.39999999999996,0.3516775272732216,0.27657572906867356,0.07510179820454804,0.3885230479774224,0.24741298212605833,0.3640639698965193
M4_LGBM_uncal,0.1,1013,1013,0.07345508390918067,-0.05956663376110563,0.20607403751233955,5.334758144126358,0.5076688574215138,-0.018521347383265913,-0.0027847193897499014,42.55999999999996,0.35009454705172877,0.2724580454096742,0.07763650164205455,0.3810463968410661,0.25074037512339586,0.368213228035538
M5_market_preclose,0.02,115,115,-0.0831304347826087,-0.5415847826086957,0.4301217391304345,9.974782608695651,0.0453318481937532,0.05934761603375355,0.04910915545256736,37.19,0.12854075880331306,0.11304347826086956,0.015497280542443495,0.16521739130434782,0.10434782608695652,0.7304347826086957
M5_market_preclose,0.03,75,75,-0.28613333333333335,-0.7970666666666666,0.36856666666666665,11.413733333333333,0.05664975954232011,0.07753838264523527,0.06256225733149985,26.0,0.11381380854733332,0.08,0.03381380854733332,0.14666666666666667,0.12,0.7333333333333333
M5_market_preclose,0.04,52,52,-0.4053846153846154,-1.0,0.39480769230769214,12.950576923076925,0.0659776336662048,0.10334523693512385,0.08862979923909989,21.98,0.09921399339038461,0.057692307692307696,0.04152168569807692,0.17307692307692307,0.11538461538461539,0.7115384615384616
M5_market_preclose,0.05,32,32,-0.23531250000000004,-1.0,1.0299999999999998,15.039375,0.07923816198346902,0.10796462455079993,0.07818675923536636,13.0,0.08360730957196874,0.0625,0.02110730957196874,0.1875,0.15625,0.65625
M5_market_preclose,0.06,23,23,0.06391304347826082,-1.0,1.8243478260869563,16.864782608695656,0.0887354489467421,0.13384126970566154,0.09300552729646108,9.0,0.07289795709186955,0.08695652173913043,0.01405856464726088,0.17391304347826086,0.17391304347826086,0.6521739130434783
M5_market_preclose,0.07,16,16,0.0012499999999999734,-1.0,2.00375,18.68125,0.09904089715230681,0.14796524556521173,0.1052131967645338,8.0,0.0643718420785,0.0625,0.0018718420784999967,0.125,0.1875,0.6875
M5_market_preclose,0.08,12,12,0.33499999999999996,-1.0,3.0050000000000003,20.236666666666665,0.10790432372089159,0.1725577794317162,0.11270613245733392,6.0,0.059322158141916666,0.08333333333333333,0.024011175191416663,0.0,0.25,0.75
M5_market_preclose,0.1,4,4,-1.0,-1.0,-1.0,27.5325,0.14173373010511248,0.08540283560806514,-0.0032161868965584484,3.0,0.0430699614635,0.0,0.0430699614635,0.0,0.0,1.0
M6_market_elo_blend,0.02,115,115,-0.0831304347826087,-0.5415847826086957,0.4301217391304345,9.974782608695651,0.0453318481937532,0.05934761603375355,0.04910915545256736,37.19,0.12854075880331306,0.11304347826086956,0.015497280542443495,0.16521739130434782,0.10434782608695652,0.7304347826086957
M6_market_elo_blend,0.03,75,75,-0.28613333333333335,-0.7970666666666666,0.36856666666666665,11.413733333333333,0.05664975954232011,0.07753838264523527,0.06256225733149985,26.0,0.11381380854733332,0.08,0.03381380854733332,0.14666666666666667,0.12,0.7333333333333333
M6_market_elo_blend,0.04,52,52,-0.4053846153846154,-1.0,0.39480769230769214,12.950576923076925,0.0659776336662048,0.10334523693512385,0.08862979923909989,21.98,0.09921399339038461,0.057692307692307696,0.04152168569807692,0.17307692307692307,0.11538461538461539,0.7115384615384616
M6_market_elo_blend,0.05,32,32,-0.23531250000000004,-1.0,1.0299999999999998,15.039375,0.07923816198346902,0.10796462455079993,0.07818675923536636,13.0,0.08360730957196874,0.0625,0.02110730957196874,0.1875,0.15625,0.65625
M6_market_elo_blend,0.06,23,23,0.06391304347826082,-1.0,1.8243478260869563,16.864782608695656,0.0887354489467421,0.13384126970566154,0.09300552729646108,9.0,0.07289795709186955,0.08695652173913043,0.01405856464726088,0.17391304347826086,0.17391304347826086,0.6521739130434783
M6_market_elo_blend,0.07,16,16,0.0012499999999999734,-1.0,2.00375,18.68125,0.09904089715230681,0.14796524556521173,0.1052131967645338,8.0,0.0643718420785,0.0625,0.0018718420784999967,0.125,0.1875,0.6875
M6_market_elo_blend,0.08,12,12,0.33499999999999996,-1.0,3.0050000000000003,20.236666666666665,0.10790432372089159,0.1725577794317162,0.11270613245733392,6.0,0.059322158141916666,0.08333333333333333,0.024011175191416663,0.0,0.25,0.75
M6_market_elo_blend,0.1,4,4,-1.0,-1.0,-1.0,27.5325,0.14173373010511248,0.08540283560806514,-0.0032161868965584484,3.0,0.0430699614635,0.0,0.0430699614635,0.0,0.0,1.0
M7_market_residual,0.02,1196,1196,-0.01172240802675585,-0.1176323160535117,0.09810451505016721,4.87876254180602,0.5421602243807155,-0.0191714346671823,-0.0016946568138608334,70.0,0.3938624710713896,0.2717391304347826,0.12212334063660701,0.23662207357859533,0.20986622073578595,0.5535117056856187
M7_market_residual,0.03,1188,1188,-0.00962121212121212,-0.11886026936026937,0.1035345117845118,4.894722222222223,0.5456503536877783,-0.019176314676803446,-0.0017462132457252372,68.16999999999999,0.39347997971397725,0.27104377104377103,0.12243620867020621,0.2356902356902357,0.21043771043771045,0.5538720538720538
M7_market_residual,0.04,1179,1179,-0.013155216284987288,-0.1253742578456319,0.1062994062765055,4.907294317217981,0.549545575422161,-0.019146034138921207,-0.0017440677701564204,70.38,0.39322561225807806,0.268871925360475,0.12435368689760307,0.2357930449533503,0.21119592875318066,0.553011026293469
M7_market_residual,0.05,1166,1166,-0.009176672384219556,-0.12030295883361924,0.09947898799313892,4.926946826758147,0.5551582501278548,-0.019091830425966985,-0.0017652581450571846,66.57,0.3933275563176252,0.2684391080617496,0.12488844825587564,0.2332761578044597,0.2118353344768439,0.5548885077186964
M7_market_residual,0.06,1155,1155,-0.007844155844155846,-0.1275320346320346,0.12495822510822507,4.940883116883116,0.5599142477751714,-0.019176518308189717,-0.0019947454972640095,67.93,0.3935369804432762,0.2683982683982684,0.12513871204500776,0.2329004329004329,0.20865800865800865,0.5584415584415584
M7_market_residual,0.07,1142,1142,-0.011716287215411542,-0.14058756567425568,0.11041812609457091,4.961059544658493,0.5655487971345815,-0.019340291197040855,-0.0022592264077325223,68.17999999999999,0.39332679318617775,0.26532399299474607,0.12800280019143168,0.23380035026269702,0.20490367775831875,0.5612959719789843
M7_market_residual,0.08,1122,1122,-0.018992869875222806,-0.13082085561497328,0.09533511586452763,4.995713012477719,0.5742600678857956,-0.01915447662469963,-0.0023461800062408817,73.11999999999999,0.3933601871257478,0.2611408199643494,0.13221936716139837,0.23529411764705882,0.20053475935828877,0.5641711229946524
M7_market_residual,0.1,1085,1085,-0.011124423963133628,-0.12242811059907835,0.11410138248847923,5.043078341013825,0.5907549989389298,-0.01928786693480966,-0.0028160132063840336,62.38999999999999,0.3933989279880774,0.2608294930875576,0.1325694349005198,0.22857142857142856,0.20276497695852536,0.5686635944700461
