model,policy,threshold,signal_count,roi,roi_ci_lo,roi_ci_hi,avg_odds,avg_edge,closing_price_edge,odds_clv,model_vs_close,max_drawdown,p_mean_signal,y_mean_realized,calibration_gap,share_home,share_draw,share_away
M1_DC,all,0.02,1653,-0.03566848154869933,-0.1304298245614035,0.07037416817906833,5.349001814882033,0.4325561913778901,-0.01700248342072671,-0.0014286250133684125,0.46669670948312475,80.06000000000002,0.3076464786524943,0.22928009679370842,0.07836638185878586,0.3702359346642468,0.35329703569267995,0.2764670296430732
M1_DC,all,0.03,1600,-0.04041874999999998,-0.13641140624999998,0.07375156249999998,5.41455625,0.4460486988532398,-0.016393527295907956,-0.0009864191558653851,0.4799223252201077,77.53000000000002,0.30715120102294996,0.225625,0.08152620102294997,0.37375,0.348125,0.278125
M1_DC,all,0.04,1542,-0.042153047989623854,-0.13630025940337223,0.06956663424124511,5.490538261997406,0.4615234390792063,-0.01573193894921013,-0.0006049383625468788,0.49509958903261775,82.75,0.30572778075888124,0.22114137483787288,0.08458640592100836,0.374189364461738,0.3463035019455253,0.2795071335927367
M1_DC,all,0.05,1467,-0.04719154737559645,-0.16318745739604634,0.059768575323790075,5.589740967961826,0.4828141069531337,-0.015663072865527608,-0.00080734977693697,0.5170097346718148,82.08999999999999,0.30474049153965,0.2147239263803681,0.09001656515928189,0.37627811860940696,0.3394683026584867,0.2842535787321063
M1_DC,all,0.06,1411,-0.043444365698086455,-0.1599181431608788,0.0690320694542877,5.670935506732814,0.4998023063266731,-0.0158289266481726,-0.0012021580816753692,0.5347031723844248,74.01999999999998,0.3037070321233554,0.21261516654854712,0.0910918655748083,0.3777462792345854,0.3359319631467045,0.28632175761871015
M1_DC,all,0.07,1365,-0.04515018315018315,-0.1569,0.06635989010989009,5.736776556776556,0.5144289624934587,-0.015688205245712645,-0.0012154224135140774,0.5496635670858506,74.35,0.3035468219736268,0.21025641025641026,0.09329041171721655,0.38095238095238093,0.32893772893772893,0.29010989010989013
M1_DC,all,0.08,1306,-0.03929555895865237,-0.15162672281776415,0.07350631699846859,5.836990811638591,0.5342763130667193,-0.01594917547014928,-0.0017352186560767844,0.570382205238518,75.91,0.30190909580537206,0.2082695252679939,0.09363957053737818,0.38055130168453294,0.33001531393568145,0.2894333843797856
M1_DC,all,0.1,1210,-0.037975206611570236,-0.16552190082644627,0.09435082644628093,6.005743801652892,0.5694375658912412,-0.015795891534932122,-0.0023882810955986504,0.6063585166533197,74.44,0.30015138220712134,0.20330578512396694,0.0968455970831544,0.3867768595041322,0.32148760330578513,0.29173553719008266
M1_DC,one_per,0.02,1109,-0.023363390441839486,-0.15554440937781785,0.10031672678088362,5.315554553651938,0.4941435985878459,-0.013882556135017456,-7.043269405115874e-06,0.526709193631204,58.83000000000001,0.33669627906882976,0.24706943192064923,0.08962684714818053,0.5464382326420198,0.07303877366997295,0.38052299368800724
M1_DC,one_per,0.03,1084,-0.02181734317343174,-0.13935562730627307,0.09926222324723244,5.371780442804428,0.5049547698140178,-0.013266795247471343,0.00048597625634046496,0.5371445411510135,54.19000000000001,0.3357750237301843,0.24538745387453875,0.09038756985564556,0.5479704797047971,0.07103321033210332,0.38099630996309963
M1_DC,one_per,0.04,1044,-0.02297892720306513,-0.15766044061302684,0.12001388888888888,5.46036398467433,0.5229838309081061,-0.012191084887585843,0.0011509691684703346,0.5544394626534009,53.8,0.3339478715956501,0.24042145593869732,0.09352641565695277,0.5498084291187739,0.06417624521072797,0.38601532567049807
M1_DC,one_per,0.05,1004,-0.035946215139442225,-0.1707614541832669,0.11635383466135456,5.556145418326694,0.541997175208361,-0.01189931445329597,0.0011739495958704273,0.5736922706976989,62.27,0.33200839959238504,0.23107569721115537,0.10093270238122967,0.547808764940239,0.061752988047808766,0.3904382470119522
M1_DC,one_per,0.06,966,-0.032101449275362334,-0.15837008281573497,0.1057251552795031,5.645527950310559,0.5611609278544943,-0.011823063731656749,0.0009873892448820645,0.5933496946119801,60.969999999999985,0.33078774338417155,0.2287784679089027,0.10200927547526886,0.5507246376811594,0.055900621118012424,0.39337474120082816
M1_DC,one_per,0.07,938,-0.037004264392324085,-0.17155250533049038,0.09932675906183361,5.708955223880597,0.5759542915990223,-0.011722429413076834,0.0008790098051422237,0.608497276393874,62.01,0.330780876402774,0.2260127931769723,0.1047680832258017,0.5543710021321961,0.04797441364605544,0.3976545842217484
M1_DC,one_per,0.08,896,-0.03318080357142856,-0.18229213169642858,0.11735965401785711,5.830580357142858,0.5994149063706272,-0.012075085364886677,0.00013481320303203363,0.6329657231417168,65.88,0.3286388655148037,0.22321428571428573,0.10542457980051798,0.5546875,0.044642857142857144,0.40066964285714285
M1_DC,one_per,0.1,839,-0.025542312276519662,-0.17683730631704409,0.13379290822407627,6.007365911799762,0.6340139312136074,-0.01230489217176041,-0.0007890364838581683,0.6688485787234197,69.49000000000001,0.3255338599022663,0.21930870083432658,0.10622515906793972,0.5578069129916567,0.03933253873659118,0.4028605482717521
M2_Elo,all,0.02,1667,-0.03225554889022195,-0.12302504499100178,0.07135662867426512,5.246946610677864,0.3012913346978273,-0.01773954525570304,-0.0009680636735604868,0.33367396399586186,83.84,0.3004116632618358,0.23635272945410918,0.06405893380772665,0.36112777444511096,0.4013197360527894,0.2375524895020996
M2_Elo,all,0.03,1595,-0.015617554858934167,-0.11538636363636362,0.085892789968652,5.3367962382445135,0.31377473386110954,-0.01687479430389171,-0.0003066144479663245,0.34569968286074154,69.49999999999999,0.29820396861643217,0.23761755485893418,0.06058641375749799,0.36175548589341694,0.3987460815047022,0.2394984326018809
M2_Elo,all,0.04,1523,-0.007570584372948141,-0.1174619172685489,0.09604087327642809,5.4225738673670385,0.32693306524335464,-0.016326238993018178,-8.487231846175504e-05,0.35868438214033155,69.46,0.2966202787307409,0.23637557452396585,0.06024470420677508,0.3617859487852922,0.3959290873276428,0.242284963887065
M2_Elo,all,0.05,1439,-0.021445448227936065,-0.13130298818624045,0.08053822098679636,5.521876302988186,0.34341184751554216,-0.01667695323794006,-0.0010074070501610386,0.37620739347762044,73.0,0.29581813722098865,0.22793606671299513,0.06788207050799352,0.3676164002779708,0.3877692842251564,0.24461431549687282
M2_Elo,all,0.06,1359,-0.018940397350993385,-0.12988539367181748,0.10126195732155999,5.630596026490066,0.3604098145336302,-0.016440525066406173,-0.0013376885432860523,0.39354651102202126,67.61,0.2945664488068269,0.22590139808682855,0.06866505071999837,0.37380426784400295,0.37601177336276675,0.2501839587932303
M2_Elo,all,0.07,1305,-0.02263601532567049,-0.1360051724137931,0.09878045977011492,5.709394636015326,0.37264007486930295,-0.016119598876007356,-0.0013143774301899065,0.4058694021899109,62.919999999999995,0.29396711465059233,0.2222222222222222,0.07174489242837012,0.3816091954022989,0.3708812260536398,0.2475095785440613
M2_Elo,all,0.08,1231,-0.022014622258326556,-0.14369354183590574,0.10281397238017867,5.83471974004874,0.3905003460540073,-0.015947190666319548,-0.0015630812399417718,0.42421151589406353,71.69999999999999,0.29218657227225975,0.21770917952883834,0.07447739274342141,0.3866774979691308,0.3655564581640942,0.24776604386677498
M2_Elo,all,0.1,1127,-0.027231588287488905,-0.15995075421472937,0.11142213842058554,6.03625554569654,0.41833963824731046,-0.015785374979400805,-0.0022570038326292217,0.4529091615121084,68.71,0.2880973777571813,0.20763087843833186,0.08046649931884944,0.3877551020408163,0.35403726708074534,0.25820763087843834
M2_Elo,one_per,0.02,1123,0.07527159394479073,-0.05617720391807658,0.2043114425645592,4.997310774710597,0.3179362819411187,-0.014503528625770897,0.001865558185349223,0.3456848016279046,53.07000000000002,0.32781228528645334,0.27070347284060553,0.05710881244584781,0.5040071237756011,0.23597506678539626,0.26001780943900266
M2_Elo,one_per,0.03,1079,0.0980722891566265,-0.02974930491195552,0.2348044485634847,5.07354031510658,0.3298918447544322,-0.013164564800456425,0.003128371916771715,0.35654726968546724,43.60000000000001,0.326119321993001,0.27340129749768305,0.05271802449531793,0.5088044485634847,0.23076923076923078,0.26042632066728455
M2_Elo,one_per,0.04,1042,0.11003838771593091,-0.016095489443378116,0.26248680422264875,5.150374280230327,0.34034668048576366,-0.012459534802667519,0.003586050185257264,0.36652498274937345,44.86,0.32372321417228955,0.27351247600767753,0.05021073816461202,0.508637236084453,0.2255278310940499,0.2658349328214971
M2_Elo,one_per,0.05,993,0.09531722054380666,-0.042692849949647525,0.24318756294058408,5.233464249748238,0.3549378093888732,-0.012418925603868645,0.003004423249176272,0.38153658940921326,49.16,0.32301430345515014,0.2638469284994965,0.05916737495565366,0.5166163141993958,0.2134944612286002,0.26988922457200404
M2_Elo,one_per,0.06,943,0.09697773064687168,-0.051655885471898186,0.23608457051961823,5.330254506892896,0.37086905635787876,-0.011792982160200418,0.0030572702731950377,0.39728742217219165,46.16,0.3219730949855481,0.26193001060445387,0.060043084381094236,0.5259809119830329,0.19724284199363734,0.2767762460233298
M2_Elo,one_per,0.07,909,0.09437843784378439,-0.043581133113311334,0.2550970847084708,5.398305830583058,0.3823024177624224,-0.011441968998846011,0.0032003118582671557,0.4086586256794394,43.15999999999998,0.3216588616373368,0.2585258525852585,0.0631330090520783,0.5368536853685368,0.19141914191419143,0.2717271727172717
M2_Elo,one_per,0.08,860,0.09226744186046512,-0.06835552325581395,0.24159360465116284,5.514720930232558,0.3998137648706383,-0.011405904121302468,0.002738811000975111,0.4266364909152017,44.02999999999999,0.31992309514456924,0.25232558139534883,0.0675975137492204,0.5441860465116279,0.18488372093023256,0.2709302325581395
M2_Elo,one_per,0.1,792,0.0770580808080808,-0.09475126262626263,0.23439898989898988,5.710366161616163,0.42649240897528423,-0.011193921312572469,0.0020231939268407165,0.4539490143862088,48.97000000000003,0.3148469510274016,0.23737373737373738,0.07747321365366425,0.5454545454545454,0.1717171717171717,0.2828282828282828
M3_LGBM_midweek,all,0.02,1655,-0.03693655589123867,-0.13745060422960725,0.06595861027190329,5.369842900302115,0.5078715179003724,-0.015628359478700882,6.521500823854577e-06,0.5424394931618252,77.86000000000001,0.31458812758682514,0.22356495468277945,0.09102317290404568,0.36435045317220544,0.35166163141993956,0.283987915407855
M3_LGBM_midweek,all,0.03,1605,-0.0421619937694704,-0.13209392523364488,0.06099968847352023,5.430654205607477,0.5229269431713373,-0.015725868661453243,-0.000405591759446812,0.5580986911654697,86.76,0.3141842359252277,0.2193146417445483,0.09486959418067942,0.3663551401869159,0.34641744548286607,0.2872274143302181
M3_LGBM_midweek,all,0.04,1550,-0.04154193548387096,-0.1474266129032258,0.06201854838709674,5.494541935483871,0.5402392884008579,-0.015961442234497972,-0.000869736761976145,0.5762052468723199,86.34000000000002,0.3145229251217433,0.2167741935483871,0.0977487315733562,0.37290322580645163,0.3387096774193548,0.28838709677419355
M3_LGBM_midweek,all,0.05,1502,-0.04767643142476697,-0.15279727030625834,0.06941711051930756,5.561977363515313,0.5560444591397552,-0.016027253836809443,-0.0012712054354378196,0.5925453904267354,93.45,0.31376494198325194,0.21171770972037285,0.1020472322628791,0.37283621837549935,0.3355525965379494,0.29161118508655126
M3_LGBM_midweek,all,0.06,1462,-0.04841997264021886,-0.1557785567715458,0.07394887140902871,5.616067031463749,0.5697333920604214,-0.01583036135845012,-0.0012937711214016474,0.6064433810449742,91.1,0.313737549602041,0.20998632010943913,0.10375122949260185,0.3748290013679891,0.3317373461012312,0.29343365253077974
M3_LGBM_midweek,all,0.07,1415,-0.04039575971731448,-0.14599505300353358,0.07411855123674908,5.684233215547703,0.5865076795756066,-0.015159206752283034,-0.0008052414176970306,0.6229657521585533,88.25000000000001,0.3134182608100082,0.20989399293286218,0.103524267877146,0.37809187279151946,0.32296819787985864,0.2989399293286219
M3_LGBM_midweek,all,0.08,1376,-0.031031976744186042,-0.14820803052325582,0.08734375,5.743553779069767,0.6010003004499275,-0.014816667964140934,-0.0007003103661252957,0.6374894661883779,79.56,0.3128568655455594,0.21075581395348839,0.10210105159207103,0.3800872093023256,0.3168604651162791,0.30305232558139533
M3_LGBM_midweek,all,0.1,1291,-0.028559256390395048,-0.14975697134004648,0.08692467079783109,5.879481022463207,0.6346674610725627,-0.014950739369189578,-0.0010784102392074524,0.6723962646577951,71.27000000000001,0.3126381842378697,0.20681642137877615,0.10582176285909356,0.3872966692486445,0.31138652207591017,0.3013168086754454
M3_LGBM_midweek,one_per,0.02,1145,-0.046681222707423586,-0.15537882096069872,0.07714104803493449,5.2896331877729255,0.5782374898757536,-0.014345782393430359,-0.000454843743717207,0.6135296461711597,100.56000000000002,0.34363744812135355,0.2331877729257642,0.11044967519558935,0.5170305676855895,0.11266375545851529,0.3703056768558952
M3_LGBM_midweek,one_per,0.03,1121,-0.04140053523639608,-0.15949620874219447,0.07955508474576273,5.340758251561106,0.5900785484088658,-0.014322952866274618,-0.0006930542013001012,0.6257106194064254,101.03999999999999,0.3428165534648172,0.231935771632471,0.1108807818323462,0.5173951828724354,0.10883140053523639,0.37377341659232827
M3_LGBM_midweek,one_per,0.04,1093,-0.03405306495882891,-0.1549650045745654,0.09208462946020125,5.390786825251601,0.6043088050686364,-0.014568174545798356,-0.001146301631042709,0.6405933231578025,91.29,0.34295021255345476,0.23147301006404392,0.11147720248941084,0.5224153705397987,0.10612991765782251,0.37145471180237877
M3_LGBM_midweek,one_per,0.05,1057,-0.033812677388836324,-0.15953051087984865,0.10668353831598862,5.465685903500472,0.6233323178732773,-0.014737694598197026,-0.0016472202992204436,0.6603718726934503,92.02000000000001,0.3423393149120242,0.22705771050141912,0.11528160441060506,0.5241248817407758,0.09933774834437085,0.37653736991485337
M3_LGBM_midweek,one_per,0.06,1030,-0.023077669902912618,-0.15514514563106793,0.10774951456310679,5.521873786407767,0.6382139304348713,-0.014583672404982252,-0.0016241854715383424,0.6755096702824804,84.96999999999997,0.3423708128665894,0.22815533980582525,0.11421547306076413,0.5271844660194175,0.0941747572815534,0.3786407766990291
M3_LGBM_midweek,one_per,0.07,1008,-0.018472222222222227,-0.15383010912698414,0.11568799603174604,5.578452380952381,0.6507452833974937,-0.01386209035895256,-0.0009158715515859032,0.6875321760034604,81.43999999999998,0.3411987248638043,0.22718253968253968,0.11401618518126463,0.5257936507936508,0.09226190476190477,0.3819444444444444
M3_LGBM_midweek,one_per,0.08,981,-0.003343527013251778,-0.1390354230377166,0.12626732925586134,5.642283384301733,0.6665982371803723,-0.01342379054513209,-0.0007807905173440101,0.7033101987240341,69.43999999999998,0.3404566985939978,0.22935779816513763,0.11109890042886017,0.5290519877675841,0.0835881753312946,0.3873598369011213
M3_LGBM_midweek,one_per,0.1,925,-0.006659459459459471,-0.1421408108108108,0.13961270270270265,5.781145945945946,0.7015014017293474,-0.013553516996276964,-0.0010989078392696322,0.7394180321463213,65.67999999999999,0.3400533436844171,0.22378378378378377,0.11626955990063331,0.5372972972972972,0.07891891891891892,0.3837837837837838
M4_LGBM,all,0.02,1693,-0.0538629651506202,-0.14862079149438864,0.05061887182516241,5.351683402244536,0.5030172542660156,-0.015676288145172856,-1.9395914819834198e-05,0.5373664837192624,103.62999999999998,0.3139255761363624,0.22031896042528057,0.09360661571108184,0.3638511518015357,0.3496751329001772,0.2864737152982871
M4_LGBM,all,0.03,1646,-0.056567436208991496,-0.15096126974483595,0.053255923450789756,5.408456865127582,0.5166711628801876,-0.015507503295075152,-1.4683861677703819e-05,0.551299199240661,109.17999999999995,0.31342889482451186,0.21628189550425272,0.09714699932025914,0.3663426488456865,0.3456865127582017,0.28797083839611176
M4_LGBM,all,0.04,1588,-0.05255037783375316,-0.14977251259445842,0.0564992128463476,5.479288413098237,0.5342567993240169,-0.015601425344548026,-0.0005583384617588227,0.5694686742656702,103.65999999999993,0.3129473575901647,0.21473551637279598,0.0982118412173687,0.36712846347607053,0.34005037783375314,0.29282115869017633
M4_LGBM,all,0.05,1521,-0.052886259040105195,-0.15473734385272844,0.05290466798159106,5.563990795529257,0.5557965093982047,-0.015470361647856241,-0.0006202021051128048,0.5915201220070898,100.60999999999994,0.3128141419345528,0.21170282708744248,0.10111131484711033,0.3708086785009862,0.3339907955292571,0.29520052596975677
M4_LGBM,all,0.06,1463,-0.05606971975393027,-0.1556192754613807,0.060702836637047126,5.6463431305536576,0.5756566777343051,-0.014882323187631497,-0.00029659188372118967,0.6113379095373299,97.70999999999994,0.31186891621484286,0.20642515379357484,0.10544376242126802,0.3718386876281613,0.32946001367054,0.2987012987012987
M4_LGBM,all,0.07,1416,-0.05983050847457627,-0.17030685028248588,0.05204378531073445,5.712796610169491,0.5926036019697569,-0.014810272298161425,-0.0004958703665138155,0.6287184113138705,94.20999999999998,0.3118290034086783,0.2019774011299435,0.1098516022787348,0.3728813559322034,0.3241525423728814,0.3029661016949153
M4_LGBM,all,0.08,1370,-0.059481751824817526,-0.17512299270072992,0.05862281021897805,5.781182481751825,0.6099655105339685,-0.015472853370741477,-0.0015945208242625093,0.6473979924675844,88.94999999999999,0.31160440933221195,0.2,0.11160440933221194,0.37445255474452555,0.3197080291970803,0.30583941605839415
M4_LGBM,all,0.1,1295,-0.027992277992278,-0.14257702702702701,0.09393436293436291,5.894293436293437,0.6400512108840092,-0.015535684990343645,-0.0020714889079037264,0.678439666856522,67.45,0.31166197009052715,0.20463320463320464,0.10702876545732251,0.3799227799227799,0.31583011583011583,0.30424710424710427
M4_LGBM,one_per,0.02,1154,-0.04283362218370884,-0.16122703639514732,0.07552837954939338,5.308734835355287,0.580222506867591,-0.014244249939942376,-0.0003598104993780668,0.6153460143745278,104.73000000000002,0.3428716285139316,0.23483535528596186,0.10803627322796974,0.5199306759098787,0.09792027729636049,0.3821490467937608
M4_LGBM,one_per,0.03,1131,-0.04017683465959328,-0.17447236958443854,0.08756852343059238,5.356392572944297,0.5915246758434813,-0.014230167570619803,-0.0005736973287480732,0.6270143834281453,103.44000000000001,0.3422487160322503,0.23253757736516356,0.10971113866708676,0.5216622458001768,0.09372236958443855,0.38461538461538464
M4_LGBM,one_per,0.04,1098,-0.03927140255009109,-0.1700710382513661,0.08011202185792349,5.429817850637523,0.6082500525295185,-0.014190471247186124,-0.0008872005623096499,0.6441346960213951,97.06000000000002,0.34095434957276044,0.22950819672131148,0.11144615285144896,0.5200364298724954,0.09016393442622951,0.38979963570127507
M4_LGBM,one_per,0.05,1063,-0.028871119473189093,-0.15739910630291626,0.10610371589840074,5.503311382878646,0.6268040994756489,-0.013806016193247419,-0.0006548929944730183,0.662774167434786,91.64000000000001,0.3405370666697547,0.2295390404515522,0.11099802621820248,0.5211665098777046,0.08560677328316087,0.3932267168391345
M4_LGBM,one_per,0.06,1029,-0.03448979591836735,-0.15707410106899902,0.09829057337220602,5.586851311953352,0.6457089388230215,-0.013060945394770812,-0.00022356610045855282,0.6814170524605475,93.44,0.3387618124837514,0.22254616132167152,0.11621565116207991,0.5199222546161322,0.0826044703595724,0.3974732750242954
M4_LGBM,one_per,0.07,998,-0.035671342685370734,-0.17419038076152302,0.1110696392785571,5.6537975951903805,0.6637219266842161,-0.013219855675283955,-0.0006523742960301206,0.7001036585812446,85.44,0.33890313481473094,0.218436873747495,0.12046626106723596,0.5210420841683366,0.07615230460921844,0.4028056112224449
M4_LGBM,one_per,0.08,970,-0.03608247422680412,-0.16721237113402063,0.09691494845360821,5.718608247422679,0.6806967152140355,-0.013716490656961188,-0.0015477553093462715,0.7182239009444052,75.56,0.33862442103652973,0.21649484536082475,0.12212957567570498,0.5237113402061856,0.07010309278350516,0.4061855670103093
M4_LGBM,one_per,0.1,922,-0.006529284164858998,-0.15263882863340567,0.13284571583514093,5.8383514099783085,0.711428193576912,-0.013589496553999183,-0.001782275517928637,0.7496858123536093,61.34999999999998,0.3382772893219739,0.22125813449023862,0.11701915483173525,0.5292841648590022,0.06399132321041215,0.4067245119305857
