model,method,policy,threshold,signal_count,unique_matches,roi,roi_ci_lo,roi_ci_hi,avg_odds,avg_edge,closing_price_edge,odds_clv,model_vs_close,max_drawdown,p_mean_signal,y_mean_realized,calibration_gap,share_home,share_draw,share_away
M1_DC,uncalibrated,all,0.02,1554,1110,0.04972972972972973,-0.044455753923876073,0.14387507933809357,4.701795366795367,0.318838366203149,-0.021509602335347804,-0.004186414975513894,0.3543319621894209,44.73999999999999,0.3391930674059296,0.28442728442728443,0.05476578297864515,0.32432432432432434,0.3815958815958816,0.29407979407979407
M1_DC,uncalibrated,all,0.03,1460,1052,0.03454109589041096,-0.06112454960301332,0.13283707463222563,4.775958904109589,0.3377098002024922,-0.021624296337204255,-0.004885852268894275,0.3739672483634037,40.47999999999999,0.3371612626713391,0.27671232876712326,0.06044893390421585,0.3253424657534247,0.3732876712328767,0.3013698630136986
M1_DC,uncalibrated,all,0.04,1399,1022,0.02740528949249463,-0.0757720455315638,0.12629061474473943,4.817691208005719,0.3509013424120168,-0.021846764679272806,-0.005340832789548177,0.3878477860218437,41.389999999999986,0.3383145499006288,0.27376697641172265,0.06454757348890616,0.33238027162258754,0.363831308077198,0.3037884203002144
M1_DC,uncalibrated,all,0.05,1317,976,0.038663629460895965,-0.06226477379940889,0.14040164733073507,4.879453302961275,0.36995306123174765,-0.021633514625745056,-0.005247746175150118,0.4072951000287929,36.91000000000001,0.33769782729488396,0.27258921791951407,0.06510860937536989,0.3363705391040243,0.3568716780561883,0.3067577828397874
M1_DC,uncalibrated,all,0.06,1249,930,0.04103282626100883,-0.0672259937947494,0.1565177574752109,4.941088871096878,0.3871243427518292,-0.022151481538171678,-0.005861049339782031,0.42552013128941596,43.05999999999994,0.33674434061281583,0.2674139311449159,0.06933040946789992,0.33626901521216973,0.35628502802241796,0.3074459567654123
M1_DC,uncalibrated,all,0.07,1172,876,0.017474402730375423,-0.10126361568723877,0.11881341473828959,5.012244027303755,0.4082772984439116,-0.022822150081298353,-0.0069437755818875105,0.44789190802382334,44.91000000000001,0.33584619692083345,0.25597269624573377,0.07987350067509968,0.33532423208191126,0.3506825938566553,0.31399317406143346
M1_DC,uncalibrated,all,0.08,1101,837,0.022425068119891006,-0.08855582573437812,0.1353552727287196,5.098601271571298,0.4297515934808383,-0.02364042438620392,-0.008333517149585015,0.47108026713730106,40.32,0.33583301990895115,0.254314259763851,0.08151876014510012,0.33969118982742963,0.33969118982742963,0.3206176203451408
M1_DC,uncalibrated,all,0.1,990,756,0.02162626262626263,-0.1049984458299815,0.1611346681232916,5.283656565656566,0.4677748953697347,-0.023513289093541147,-0.008991739658965155,0.5102646736463604,51.31000000000001,0.33212986325048527,0.24242424242424243,0.08970562082624284,0.34040404040404043,0.33434343434343433,0.32525252525252524
M1_DC,uncalibrated,one_per,0.02,1110,1110,0.052117117117117126,-0.06278941441441441,0.1658716216216216,4.459135135135135,0.3639905087564296,-0.02079312112380828,-0.004677451940317937,0.3999301050516,38.50999999999998,0.3724481604595381,0.3117117117117117,0.06073644874782641,0.42252252252252254,0.22252252252252253,0.35495495495495494
M1_DC,uncalibrated,one_per,0.03,1052,1052,0.04499049429657794,-0.07063711977186311,0.16569249049429657,4.540494296577947,0.38263409377168134,-0.021111796079345293,-0.005631602441016823,0.41953193073978406,38.44999999999999,0.36945437678114995,0.30228136882129275,0.0671730079598572,0.42395437262357416,0.21387832699619772,0.36216730038022815
M1_DC,uncalibrated,one_per,0.04,1022,1022,0.04301369863013698,-0.07588600782778865,0.1636631604696673,4.574099804305283,0.3928289633032786,-0.021201751959866254,-0.005817645029898448,0.43011513594644624,46.83999999999999,0.3698952418243899,0.3013698630136986,0.06852537881069126,0.42857142857142855,0.20939334637964774,0.36203522504892366
M1_DC,uncalibrated,one_per,0.05,976,976,0.03753073770491804,-0.08281045081967214,0.16196849385245896,4.645922131147541,0.4092220168013906,-0.02044989082831356,-0.005305119473950651,0.44621915397012213,40.86999999999999,0.3685427404589861,0.29610655737704916,0.07243618308193694,0.4293032786885246,0.20081967213114754,0.3698770491803279
M1_DC,uncalibrated,one_per,0.06,930,930,0.034989247311827974,-0.09026397849462366,0.17564973118279567,4.706849462365591,0.4267524755113122,-0.020294869814055348,-0.00524469543125287,0.46405334976323537,40.229999999999976,0.3669128879894772,0.28817204301075267,0.07874084497872452,0.42795698924731185,0.1978494623655914,0.3741935483870968
M1_DC,uncalibrated,one_per,0.07,876,876,0.0027168949771689548,-0.13586586757990865,0.1255821917808219,4.78593607305936,0.44904544981407474,-0.02048605218521938,-0.005802943294213539,0.48714077311288956,51.32999999999999,0.3657558552842322,0.273972602739726,0.0917832525445062,0.4269406392694064,0.18835616438356165,0.384703196347032
M1_DC,uncalibrated,one_per,0.08,837,837,0.004934289127837518,-0.12376194743130225,0.1430504778972521,4.865698924731183,0.4664448594808935,-0.02120780740477808,-0.007119239049000229,0.5059665792611742,50.669999999999995,0.3643267865804061,0.2712066905615293,0.09312009601887683,0.4265232974910394,0.1827956989247312,0.3906810035842294
M1_DC,uncalibrated,one_per,0.1,756,756,0.019193121693121696,-0.12474636243386243,0.17953273809523806,5.047751322751322,0.5067542629574507,-0.021254260671911288,-0.0082465503218842,0.5476468301398255,42.83999999999999,0.3599095115762543,0.2619047619047619,0.09800474967149236,0.42724867724867727,0.17328042328042328,0.3994708994708995
M1_DC,platt,all,0.02,1528,1122,-0.027650523560209424,-0.12575500696264744,0.07648523365141734,5.510170157068063,0.48006670498635623,-0.018052708443920644,-0.004450449566243309,0.5163428992154676,83.12,0.3057707000865546,0.2231675392670157,0.08260316081953889,0.30824607329842935,0.262434554973822,0.4293193717277487
M1_DC,platt,all,0.03,1479,1095,-0.014868154158214996,-0.12254653848453628,0.08441142538323242,5.576896551724138,0.4951539820859239,-0.01763732278878866,-0.004365986518060368,0.5314012794413261,66.83000000000001,0.3051159703172477,0.22515212981744423,0.07996384049980346,0.30628803245436104,0.2589587559161596,0.4347532116294794
M1_DC,platt,all,0.04,1436,1070,-0.026580779944289683,-0.12696571536571535,0.08832144720541434,5.6419498607242335,0.5089217529774942,-0.017932515374731995,-0.004928645027420554,0.5459075423497388,75.14999999999998,0.30411544039399163,0.21866295264623956,0.08545248774775208,0.30571030640668523,0.2562674094707521,0.43802228412256267
M1_DC,platt,all,0.05,1377,1033,-0.02385620915032679,-0.13209824439247037,0.08833957462133019,5.72955700798838,0.5288129946454087,-0.018049075184524706,-0.005442445374977109,0.5665013206557474,81.70000000000002,0.3035534393356298,0.2178649237472767,0.08568851558835308,0.3093681917211329,0.25054466230936817,0.4400871459694989
M1_DC,platt,all,0.06,1336,1008,-0.01827844311377244,-0.12699840013105915,0.09274823870993676,5.8019760479041915,0.5433538768209775,-0.01807443145571469,-0.005755762189908398,0.5815190506361044,79.10000000000001,0.3019034943962606,0.2155688622754491,0.08633463212081147,0.30389221556886226,0.24775449101796407,0.44835329341317365
M1_DC,platt,all,0.07,1291,978,-0.01618900077459335,-0.1247505117387716,0.09907425597785766,5.876630518977536,0.5600266047450926,-0.017611960135179877,-0.005521894689332963,0.5982212816025467,77.32,0.30121026424287883,0.21378776142525174,0.08742250281762709,0.3067389620449264,0.24322230828814873,0.4500387296669249
M1_DC,platt,all,0.08,1244,946,-0.017853697749196148,-0.13552147022360844,0.09678477224454722,5.967443729903537,0.5783388128991199,-0.01718355056184392,-0.005419061760070314,0.6165864383006218,76.94999999999999,0.2999696968805398,0.2090032154340836,0.09096648144645622,0.3062700964630225,0.24035369774919615,0.4533762057877814
M1_DC,platt,all,0.1,1174,901,-0.02036626916524702,-0.14330067268732524,0.09875699806202408,6.094063032367973,0.6074283048246029,-0.017187189770557682,-0.005948965333585985,0.646463054731037,72.26,0.29929762310503427,0.20357751277683134,0.09572011032820293,0.3083475298126065,0.2342419080068143,0.45741056218057924
M1_DC,platt,one_per,0.02,1122,1122,-0.027379679144385032,-0.1492742869875223,0.10277339572192512,5.397442067736185,0.5454458230769473,-0.01652209571478349,-0.0048623021567428286,0.5817475882916164,78.96,0.3334122227645226,0.23885918003565063,0.09455304272887197,0.41354723707664887,0.008912655971479501,0.5775401069518716
M1_DC,platt,one_per,0.03,1095,1095,-0.01431963470319633,-0.1400189497716895,0.11865251141552507,5.454511415525115,0.5582735248239097,-0.01597452089794592,-0.004422458196238874,0.5943205713207897,66.39999999999999,0.3325428010078066,0.2410958904109589,0.09144691059684767,0.41187214611872147,0.00821917808219178,0.5799086757990868
M1_DC,platt,one_per,0.04,1070,1070,-0.026457943925233637,-0.14825514018691588,0.11146331775700932,5.516654205607477,0.5704972491823145,-0.015883242129269788,-0.004593694246204901,0.6068149766295977,77.47000000000003,0.33093496196370153,0.2336448598130841,0.09729010215061742,0.40841121495327104,0.007476635514018692,0.5841121495327103
M1_DC,platt,one_per,0.05,1033,1033,-0.009622458857696022,-0.147061229428848,0.12076427879961277,5.602449177153921,0.5893381842919476,-0.01596934621734981,-0.005000042199321406,0.6262595426210412,70.91999999999999,0.3297847266073299,0.2362052274927396,0.09357949911459029,0.41045498547918685,0.005808325266214908,0.5837366892545982
M1_DC,platt,one_per,0.06,1008,1008,-0.006071428571428569,-0.1368268849206349,0.13097569444444437,5.676359126984128,0.6025944214719979,-0.01600062287925823,-0.0053182424077562705,0.6399395995129684,67.67999999999998,0.3272200417219197,0.23313492063492064,0.09408512108699907,0.4017857142857143,0.005952380952380952,0.5922619047619048
M1_DC,platt,one_per,0.07,978,978,-0.008609406952965236,-0.14285455010224948,0.12946881390593046,5.751073619631902,0.6190869219435969,-0.015228201561337928,-0.00460461531103784,0.6560737412225639,68.55999999999999,0.3260962341886948,0.23006134969325154,0.09603488449544328,0.40388548057259716,0.00408997955010225,0.5920245398773006
M1_DC,platt,one_per,0.08,946,946,-0.011744186046511612,-0.15884672304439745,0.12534328752642698,5.844714587737843,0.6374910924215936,-0.014792169812155679,-0.00449758699961785,0.6744741657637096,70.73,0.3243165518341184,0.22410147991543342,0.10021507191868498,0.40169133192389006,0.004228329809725159,0.5940803382663847
M1_DC,platt,one_per,0.1,901,901,-0.01698113207547169,-0.15851581576026635,0.12218784683684795,5.969556048834628,0.664798701528847,-0.014748187664256708,-0.00483867915439631,0.7024566875158502,68.13999999999999,0.32275472506945585,0.21753607103218647,0.10521865403726938,0.4017758046614872,0.004439511653718091,0.5937846836847946
M1_DC,isotonic,all,0.02,1557,1147,-0.03513808606294155,-0.12516711368342778,0.05198803949549453,4.768644829800899,0.3714627849191178,-0.019815876613760587,-0.0032722940892561427,0.40724002070437787,76.39999999999998,0.34083473025105787,0.26204238921001927,0.0787923410410386,0.2813102119460501,0.30828516377649323,0.41040462427745666
M1_DC,isotonic,all,0.03,1477,1116,-0.018354773188896403,-0.11135534267533165,0.07142210832624805,4.835220040622885,0.39020204958712484,-0.019786583687826747,-0.0037234751543230348,0.4266431190631455,69.26999999999998,0.3408125248483868,0.26337169939065674,0.07744082545773007,0.28368314150304674,0.2958700067704807,0.42044685172647256
M1_DC,isotonic,all,0.04,1421,1087,-0.023216045038705134,-0.12084812545267411,0.07468811286723533,4.882498240675581,0.40419582321006736,-0.019986155694959633,-0.004272641464263601,0.4413137913663937,73.69,0.34115386925883096,0.258972554539057,0.08218131471977397,0.282899366643209,0.2892329345531316,0.4278676988036594
M1_DC,isotonic,all,0.05,1347,1051,-0.012271714922049001,-0.11329200759789598,0.09711130971021925,4.964625092798812,0.42396387010923603,-0.02004741869929743,-0.004681119883176277,0.46186433762361007,67.94,0.34050881666575544,0.25760950259836674,0.08289931406738871,0.2828507795100223,0.2798812175204157,0.437268002969562
M1_DC,isotonic,all,0.06,1277,1007,-0.022200469851213784,-0.12662380403651935,0.09056177193368542,5.062881754111198,0.44419774871113993,-0.019282957812178557,-0.004402361573984203,0.4818673289932733,75.53,0.33800746189252057,0.2490211433046202,0.08898631858790038,0.2803445575567737,0.2748629600626468,0.4447924823805795
M1_DC,isotonic,all,0.07,1209,963,-0.01862696443341604,-0.1372198116450718,0.08736629452322188,5.167832919768403,0.46552257778785944,-0.01939317863034979,-0.005053699025422325,0.5040930935162544,78.08000000000001,0.3354907646532353,0.24483043837882548,0.09066032627440981,0.2787427626137304,0.2679900744416873,0.4532671629445823
M1_DC,isotonic,all,0.08,1146,917,-0.04938917975567189,-0.1617849584695083,0.06757533984983882,5.262076788830716,0.4869620255963202,-0.018974913191990926,-0.005048778491267681,0.5257553289662737,83.62,0.33327753531960264,0.23298429319371727,0.10029324212588536,0.27835951134380454,0.2600349040139616,0.46160558464223383
M1_DC,isotonic,all,0.1,1062,862,-0.03464218455743882,-0.15175902272530423,0.09176170716409343,5.388954802259888,0.5183376040247494,-0.018772204331009495,-0.005519527222972083,0.5579750217840492,71.27,0.3332389437966775,0.2335216572504708,0.09971728654620671,0.2815442561205273,0.24293785310734464,0.4755178907721281
M1_DC,isotonic,one_per,0.02,1147,1147,-0.005605928509154308,-0.12097537053182215,0.11041761115954664,4.763949433304272,0.4398179076503257,-0.019398104893637635,-0.004442484403164176,0.4779156040253596,63.43,0.36613841823388343,0.2798605056669573,0.08627791256692613,0.35135135135135137,0.12554489973844812,0.5231037489102005
M1_DC,isotonic,one_per,0.03,1116,1116,0.004525089605734773,-0.11157795698924729,0.11924977598566294,4.804426523297491,0.4513253860843972,-0.019117006781548953,-0.004454907276858001,0.48954253233504247,60.789999999999985,0.3653816406835521,0.28046594982078854,0.08491569086276357,0.35125448028673834,0.12007168458781362,0.5286738351254481
M1_DC,isotonic,one_per,0.04,1087,1087,-0.0022723091076357034,-0.12040041398344065,0.12060188592456299,4.845252989880405,0.4624319458098568,-0.019392021755034416,-0.004964757680450568,0.5013102531189678,67.36999999999998,0.36478075718006725,0.2750689972401104,0.08971175993995684,0.34774609015639374,0.12051517939282429,0.531738730450782
M1_DC,isotonic,one_per,0.05,1051,1051,-0.002530922930542346,-0.12255447193149382,0.12397335870599425,4.9084776403425305,0.47676058230035373,-0.01939062278740983,-0.0053029433439154144,0.5161491375995714,69.56,0.3631871782460485,0.2702188392007612,0.09296833904528734,0.34443387250237867,0.11893434823977164,0.5366317792578497
M1_DC,isotonic,one_per,0.06,1007,1007,-0.009860973187686197,-0.13090392254220456,0.12593272095332672,5.002760675273088,0.49517130992130876,-0.018318338247611903,-0.004633357504109568,0.5339867765951727,68.49,0.3602487056799504,0.26216484607745777,0.0980838596024926,0.3416087388282026,0.11320754716981132,0.5451837140019861
M1_DC,isotonic,one_per,0.07,963,963,-0.002056074766355152,-0.13696599169262721,0.13286552440290758,5.096095534787124,0.5148100985665796,-0.018179061305283666,-0.005077301238868477,0.5541834878675861,64.92000000000002,0.3575569138656446,0.25960539979231567,0.09795151407332892,0.3395638629283489,0.10799584631360332,0.5524402907580478
M1_DC,isotonic,one_per,0.08,917,917,-0.04158124318429662,-0.1762033805888768,0.08896346782987999,5.184056706652127,0.5368494860719328,-0.017598764888258716,-0.0047517577351274785,0.576294910773624,71.46000000000001,0.35508189002520446,0.24536532170119957,0.10971656832400489,0.33805888767720826,0.09923664122137404,0.5627044711014176
M1_DC,isotonic,one_per,0.1,862,862,-0.03374709976798143,-0.16905220417633413,0.10433207656612525,5.31278422273782,0.5653681556667837,-0.01769765450352655,-0.00542231065847173,0.6059089337235614,67.11,0.3535807652168839,0.24361948955916474,0.10996127565771918,0.3375870069605568,0.09048723897911833,0.5719257540603249
M2_Elo,uncalibrated,all,0.02,1504,1209,-0.009920212765957457,-0.08732932239444192,0.07702842470310406,3.894308510638297,0.281854965653907,-0.024201662686665276,-0.005113708370688573,0.3223817692815911,62.29000000000001,0.47047996653314705,0.3703457446808511,0.10013422185229598,0.6728723404255319,0.007978723404255319,0.3191489361702128
M2_Elo,uncalibrated,all,0.03,1463,1199,-0.0015447710184552325,-0.08776852445266216,0.08527566052595724,3.9330416951469584,0.2890476782153989,-0.024099280724500568,-0.005227287212120384,0.32977104418200004,61.45000000000001,0.469184328105635,0.3697881066302119,0.0993962214754231,0.6766917293233082,0.00683526999316473,0.316473000683527
M2_Elo,uncalibrated,all,0.04,1415,1190,-0.003102473498233231,-0.09861095607150999,0.08776746179563788,3.967830388692579,0.2976889523484702,-0.023427350534804114,-0.0046327094691654275,0.3380872745893491,61.99,0.4674833463405647,0.36325088339222616,0.10423246294833854,0.6812720848056537,0.007067137809187279,0.311660777385159
M2_Elo,uncalibrated,all,0.05,1367,1178,0.0025164594001463015,-0.08719723066433399,0.10391386107852219,3.9835844915874175,0.30656592242444375,-0.022622099150596615,-0.003701343578096095,0.34628849726937344,59.82,0.46634462577175245,0.36137527432333577,0.10496935144841668,0.6847110460863204,0.0073152889539136795,0.3079736649597659
M2_Elo,uncalibrated,all,0.06,1315,1164,0.020501901140684394,-0.07549490823772202,0.12414350252209175,4.029133079847909,0.3164778781888813,-0.02226326823938002,-0.0034696242925482887,0.35624690169162476,56.27000000000001,0.4660869764647745,0.3634980988593156,0.10258887760545887,0.6927756653992395,0.006844106463878327,0.30038022813688214
M2_Elo,uncalibrated,all,0.07,1278,1148,0.0180281690140845,-0.07286280018917292,0.11311439411246074,4.029076682316119,0.32378752151598333,-0.021850184011979083,-0.0030423027694791265,0.36333797076376056,53.88000000000001,0.46770530706108887,0.3615023474178404,0.1062029596432485,0.6987480438184663,0.006259780907668232,0.2949921752738654
M2_Elo,uncalibrated,all,0.08,1229,1130,0.023653376729048013,-0.07399547912226695,0.13094208990760245,4.082026037428804,0.3337039621974671,-0.02186601551066416,-0.0033878166630693456,0.3736349452851569,53.269999999999996,0.4657509578328974,0.3580146460537022,0.10773631177919518,0.7030105777054516,0.006509357200976403,0.290480065093572
M2_Elo,uncalibrated,all,0.1,1144,1088,0.01976398601398601,-0.0865225644933887,0.14469727036064373,4.166057692307692,0.3518478610004084,-0.02213040035595128,-0.00404617350681881,0.3928426570042757,52.22,0.46580574688839177,0.3505244755244755,0.11528127136391625,0.708041958041958,0.0026223776223776225,0.2893356643356643
M2_Elo,uncalibrated,one_per,0.02,1209,1209,0.014483043837882542,-0.08367328370554176,0.11781430934656736,4.118858560794044,0.33391175946915413,-0.02257157847799886,-0.004303353734026382,0.3745830034881298,55.32,0.46588923496974183,0.35401157981803144,0.11187765515171039,0.707196029776675,0.0024813895781637717,0.2903225806451613
M2_Elo,uncalibrated,one_per,0.03,1199,1199,0.014628857381150955,-0.08354128440366972,0.12469015846538782,4.1331693077564635,0.33649400098577165,-0.022474942605373565,-0.004256454476118399,0.3771694764670155,55.32,0.4654164251637445,0.35279399499582986,0.11262243016791462,0.7097581317764804,0.0008340283569641367,0.28940783986655544
M2_Elo,uncalibrated,one_per,0.04,1190,1190,0.01696638655462185,-0.08666827731092434,0.13204012605042012,4.135840336134454,0.3387761399389406,-0.022294751760076018,-0.0040718267860036916,0.3793317992564496,55.32,0.4650297243836316,0.3521008403361345,0.11292888404749712,0.7084033613445379,0.0008403361344537816,0.2907563025210084
M2_Elo,uncalibrated,one_per,0.05,1178,1178,0.020738539898132423,-0.08300848896434636,0.13265152801358235,4.124320882852292,0.3417672076795942,-0.022129831045588716,-0.003758508971286307,0.3822265370214296,55.32,0.4658718965074755,0.3531409168081494,0.1127309796993261,0.7096774193548387,0.0008488964346349745,0.2894736842105263
M2_Elo,uncalibrated,one_per,0.06,1164,1164,0.0250171821305842,-0.08304295532646049,0.14026589347079038,4.146649484536082,0.34520776826819743,-0.021914125722386706,-0.0035866248674454033,0.385565796370457,53.32,0.4652523682398188,0.35309278350515466,0.11215958473466414,0.711340206185567,0.000859106529209622,0.28780068728522334
M2_Elo,uncalibrated,one_per,0.07,1148,1148,0.02389372822299652,-0.07895317944250871,0.13087108013937276,4.139059233449478,0.34912309100610134,-0.021864584761927142,-0.003429618708092375,0.38958205599803386,51.31999999999999,0.4661020278660092,0.3519163763066202,0.11418565155938898,0.7134146341463414,0.0008710801393728223,0.2857142857142857
M2_Elo,uncalibrated,one_per,0.08,1130,1130,0.025150442477876095,-0.07795088495575221,0.13561393805309732,4.174929203539823,0.35347389406645,-0.021723905910196017,-0.0035076291659265875,0.39398276421101247,51.31999999999999,0.46312814055500656,0.3486725663716814,0.11445557418332514,0.7141592920353982,0.0008849557522123894,0.2849557522123894
M2_Elo,uncalibrated,one_per,0.1,1088,1088,0.025762867647058825,-0.08737660845588235,0.15500275735294117,4.239402573529411,0.36368608886558346,-0.021811468194673084,-0.003942290126092333,0.4047499767929917,49.58,0.4620760396791889,0.3446691176470588,0.1174069220321301,0.7113970588235294,0.0,0.28860294117647056
M2_Elo,platt,all,0.02,1533,1133,-0.0401761252446184,-0.1385590598865712,0.060922041617502705,5.361272015655577,0.3059747747077641,-0.020103947993772943,-0.005911465685862807,0.3416656112334469,79.29,0.2998218078728446,0.23352902804957598,0.06629277982326864,0.31180691454664056,0.28440965427266796,0.40378343118069143
M2_Elo,platt,all,0.03,1450,1085,-0.04235172413793104,-0.13850146636038055,0.05929480551606008,5.472013793103448,0.32206832255910967,-0.02043068012691262,-0.006868705427776981,0.3585067794036517,79.20999999999998,0.29757630228353577,0.22827586206896552,0.06930044021457024,0.3124137931034483,0.2793103448275862,0.40827586206896554
M2_Elo,platt,all,0.04,1374,1037,-0.033384279475982534,-0.13538640017074619,0.07542340601835222,5.583311499272197,0.33794580463178503,-0.019622803699767814,-0.006462160672906149,0.37409698513411765,81.83,0.2954289557663642,0.22780203784570596,0.06762691792065822,0.31368267831149926,0.27510917030567683,0.41120815138282385
M2_Elo,platt,all,0.05,1314,992,-0.03882039573820395,-0.14913017482517485,0.07823960888373545,5.683097412480974,0.3513315916601214,-0.019353578173658306,-0.006638006622637237,0.38774329628886683,85.19999999999999,0.2930347768544188,0.22298325722983256,0.07005151962458625,0.3112633181126332,0.2724505327245053,0.4162861491628615
M2_Elo,platt,all,0.06,1259,957,-0.024297061159650503,-0.13867866197740247,0.09710448475565975,5.775353455123113,0.3642959325139865,-0.018968287609122628,-0.006553232430501441,0.40069399234685166,70.92,0.2914996186150068,0.22398729150119143,0.06751232711381536,0.31374106433677523,0.2652899126290707,0.42096902303415407
M2_Elo,platt,all,0.07,1187,904,-0.04233361415332772,-0.16027134837366752,0.08358078524752756,5.910867733782645,0.38243246365594974,-0.019523204816334454,-0.007936803709555289,0.42011340694560895,74.75,0.2884807055893574,0.21398483572030327,0.07449586986905413,0.3142375737152485,0.2569502948609941,0.42881213142375735
M2_Elo,platt,all,0.08,1142,871,-0.0471278458844133,-0.1737623237690181,0.07877293039858313,6.012994746059545,0.3945655410019836,-0.01895152787874602,-0.007681793314855261,0.43203430252658265,69.89,0.2852737476279415,0.20665499124343256,0.07861875638450894,0.31436077057793343,0.2565674255691769,0.4290718038528897
M2_Elo,platt,all,0.1,1074,816,-0.04210428305400372,-0.16892907118948178,0.08323321891063055,6.165037243947858,0.41385645857304953,-0.01823383715108655,-0.007287000099778536,0.4511119149087104,64.41999999999999,0.28113947931943056,0.2011173184357542,0.08002216088367636,0.313780260707635,0.2579143389199255,0.42830540037243947
M2_Elo,platt,one_per,0.02,1133,1133,-0.017934686672550743,-0.13442365401588705,0.1120178729037952,5.155481023830538,0.31644049111472394,-0.01828199153148297,-0.00540213132019499,0.34985181231864,60.349999999999994,0.3241584955606946,0.25419240953221534,0.06996608602847926,0.4077669902912621,0.08120035304501325,0.5110326566637247
M2_Elo,platt,one_per,0.03,1085,1085,-0.020248847926267285,-0.1459285714285714,0.11542649769585252,5.246691244239631,0.3293202143666569,-0.01857556178326693,-0.006216350523132702,0.36323193221059397,62.379999999999995,0.3218820652855288,0.2488479262672811,0.0730341390182477,0.40921658986175113,0.07649769585253456,0.5142857142857142
M2_Elo,platt,one_per,0.04,1037,1037,-0.008399228543876562,-0.13812246865959502,0.1341728543876567,5.347540983606557,0.34296328586922065,-0.01767284407974597,-0.005707960228126078,0.3763926787495775,60.8,0.3193439283256035,0.24879459980713597,0.07054932851846751,0.4117647058823529,0.07328833172613308,0.5149469623915139
M2_Elo,platt,one_per,0.05,992,992,-0.002993951612903232,-0.14246471774193548,0.1283465221774193,5.446854838709677,0.3564782777691984,-0.01694904139276115,-0.005357295514937892,0.38961622167382803,65.42,0.31684657516635184,0.24596774193548387,0.07087883323086797,0.4092741935483871,0.06854838709677419,0.5221774193548387
M2_Elo,platt,one_per,0.06,957,957,0.014639498432601894,-0.12014184952978058,0.16359691745036573,5.529937304075235,0.3675185309444674,-0.016352717130860325,-0.005045274548920198,0.40032980215213665,58.14,0.3149738136934984,0.2476489028213166,0.06732491087218181,0.4117032392894462,0.06269592476489028,0.5256008359456635
M2_Elo,platt,one_per,0.07,904,904,-0.004214601769911507,-0.14183517699115045,0.15657107300884957,5.6687057522123885,0.3852147778878682,-0.016681401983206858,-0.006118962616235396,0.4189188895480721,58.169999999999995,0.311250484852933,0.23672566371681417,0.07452482113611883,0.41150442477876104,0.05420353982300885,0.5342920353982301
M2_Elo,platt,one_per,0.08,871,871,-0.010711825487944885,-0.15816044776119403,0.14945981630309985,5.779184845005741,0.39698121173021095,-0.016265961958065955,-0.006127851957767459,0.4305947810284288,54.290000000000006,0.3070378186542203,0.22732491389207807,0.07971290476214224,0.41102181400688864,0.05510907003444317,0.5338691159586682
M2_Elo,platt,one_per,0.1,816,816,0.0008333333333333439,-0.15233088235294118,0.1630818014705882,5.95,0.41767019274275285,-0.014962802642811577,-0.005262133996511725,0.4503529705379566,49.120000000000005,0.3020873924550959,0.22181372549019607,0.08027366696489985,0.4117647058823529,0.051470588235294115,0.5367647058823529
M2_Elo,isotonic,all,0.02,1425,1123,-0.05894736842105265,-0.14676992801194289,0.030591452220321984,4.335564912280702,0.20915586283476562,-0.026121458825098975,-0.008938758193681492,0.2494399996883453,118.80000000000007,0.3594228511563033,0.28210526315789475,0.07731758799840854,0.3087719298245614,0.32842105263157895,0.36280701754385963
M2_Elo,isotonic,all,0.03,1370,1098,-0.056620437956204375,-0.1423075267037372,0.03237466033725078,4.380992700729927,0.2165336608114444,-0.02638978900477858,-0.009541929433418852,0.2574677124147488,113.66000000000005,0.3575684385643401,0.28102189781021897,0.07654654075412115,0.3051094890510949,0.32554744525547447,0.36934306569343067
M2_Elo,isotonic,all,0.04,1314,1065,-0.060882800608828,-0.15410231103202515,0.029852833280344323,4.421598173515982,0.22427545589932937,-0.026488325358095057,-0.00983182747479025,0.2656811709020339,114.63000000000004,0.35674535952685854,0.2770167427701674,0.07972861675669113,0.3059360730593607,0.3287671232876712,0.365296803652968
M2_Elo,isotonic,all,0.05,1257,1022,-0.06993635640413683,-0.16310480782297626,0.03237803062302343,4.462649164677805,0.23242112748641885,-0.02666209470731094,-0.01024493968930326,0.27430221261399773,115.76000000000005,0.3562665051515722,0.27128082736674625,0.08498567778482596,0.30787589498806683,0.324582338902148,0.36754176610978523
M2_Elo,isotonic,all,0.06,1201,988,-0.07553705245628643,-0.18049510818508735,0.03109492439273106,4.510641132389676,0.2406966863417695,-0.0269450461458717,-0.010616991137792974,0.28330089746217396,118.02000000000007,0.35591870330890085,0.2672772689425479,0.08864143436635297,0.3130724396336386,0.31973355537052456,0.3671940049958368
M2_Elo,isotonic,all,0.07,1146,954,-0.06999999999999999,-0.1761217661653513,0.033698733384868985,4.554397905759163,0.24914391141764036,-0.026291608792172145,-0.010083040327492179,0.29119465167738534,105.49999999999997,0.3552971391067796,0.26527050610820246,0.09002663299857716,0.3150087260034904,0.31675392670157065,0.3682373472949389
M2_Elo,isotonic,all,0.08,1091,916,-0.0753070577451879,-0.17788965740142212,0.03565109518076595,4.615197066911091,0.257940239259578,-0.026017233146183125,-0.010211236013883096,0.3001506946862798,114.23000000000002,0.35271602900907284,0.2603116406966086,0.09240438831246423,0.3125572868927589,0.3153070577451879,0.3721356553620532
M2_Elo,isotonic,all,0.1,970,828,-0.03885567010309279,-0.16188605843244788,0.08575359994297119,4.743257731958763,0.2789533152939831,-0.025362599678974546,-0.010260354285798528,0.32154425928695474,84.94999999999999,0.34888068223048746,0.2597938144329897,0.08908686779749775,0.30927835051546393,0.311340206185567,0.37938144329896906
M2_Elo,isotonic,one_per,0.02,1123,1123,-0.03399821905609974,-0.142669857524488,0.07181433659839707,4.188628673196794,0.2301065596068472,-0.02599150035199648,-0.009456858009526756,0.2708645516755734,80.12,0.3802415729828398,0.3027604630454141,0.07748110993742569,0.3561887800534283,0.2341941228851291,0.40961709706144256
M2_Elo,isotonic,one_per,0.03,1098,1098,-0.03734061930783244,-0.14595059198542806,0.06263615664845174,4.216985428051002,0.23476940595029983,-0.026427865818513835,-0.010041790070490173,0.27618626276432107,83.31,0.37932439209322694,0.3005464480874317,0.07877794400579524,0.3524590163934426,0.2331511839708561,0.4143897996357013
M2_Elo,isotonic,one_per,0.04,1065,1065,-0.04694835680751174,-0.15355117370892019,0.05468474178403755,4.250713615023474,0.24095834641331199,-0.02625460994302746,-0.010108530205040468,0.28249105554048337,90.23999999999998,0.37887432989784964,0.29671361502347415,0.08216071487437548,0.352112676056338,0.23286384976525823,0.41502347417840374
M2_Elo,isotonic,one_per,0.05,1022,1022,-0.052563600782778865,-0.16123948140900196,0.06991291585127203,4.299774951076321,0.2492249689206314,-0.025967233676562257,-0.010010247277695818,0.29070322454407127,93.20000000000002,0.37749790771880476,0.29060665362035226,0.0868912540984525,0.3532289628180039,0.2299412915851272,0.41682974559686886
M2_Elo,isotonic,one_per,0.06,988,988,-0.05905870445344129,-0.17845647773279352,0.05432262145748979,4.334220647773279,0.25590587669721604,-0.026053269287943943,-0.010174698120290687,0.29774321558826095,93.45999999999998,0.37712095917802707,0.2874493927125506,0.08967156646547647,0.3562753036437247,0.22874493927125505,0.4149797570850202
M2_Elo,isotonic,one_per,0.07,954,954,-0.060524109014675045,-0.17519051362683438,0.05439019916142555,4.370020964360587,0.26271049956785003,-0.026272203778372052,-0.010496905922804322,0.3051255079954919,94.13,0.376236307265477,0.2840670859538784,0.0921692213115986,0.3553459119496855,0.22851153039832284,0.4161425576519916
M2_Elo,isotonic,one_per,0.08,916,916,-0.06053493449781661,-0.17572762008733625,0.06451009825327511,4.439650655021834,0.2705325842919801,-0.026293731076862805,-0.010816493848929909,0.3133601375050083,98.83999999999997,0.3722661053272183,0.2794759825327511,0.09279012279446724,0.34934497816593885,0.23034934497816595,0.4203056768558952
M2_Elo,isotonic,one_per,0.1,828,828,-0.034746376811594204,-0.1631989734299517,0.10233152173913043,4.556231884057971,0.28977681084993334,-0.025343887286526236,-0.010616988661071422,0.3324785342025823,80.45000000000002,0.3678345989940408,0.27657004830917875,0.09126455068486206,0.3442028985507246,0.22705314009661837,0.428743961352657
M3_LGBM_dmwd,uncalibrated,all,0.02,1665,1195,0.021165165165165162,-0.07183528557546967,0.10716744229337302,5.061177177177178,0.38545727799550583,-0.020987712681032663,-0.004684541381771363,0.42413707164121733,53.590000000000025,0.33260479776890983,0.26366366366366367,0.06894113410524616,0.3267267267267267,0.3687687687687688,0.3045045045045045
M3_LGBM_dmwd,uncalibrated,all,0.03,1614,1181,0.017571251548946704,-0.07634064267990075,0.11260521863563497,5.106412639405204,0.3968504133060949,-0.020802651077240702,-0.00454079583619181,0.4356835168907934,52.370000000000026,0.3327756093605334,0.26084262701363076,0.07193298234690265,0.32837670384138784,0.36617100371747213,0.30545229244114
M3_LGBM_dmwd,uncalibrated,all,0.04,1567,1167,0.027951499680918947,-0.07257348261206374,0.12860552630690628,5.15620931716656,0.40771949974595395,-0.020832211172671408,-0.004702321218186959,0.44699283605326157,54.01000000000001,0.33228974149012835,0.2610082961072112,0.07128144538291714,0.32801531589023614,0.36502871729419273,0.30695596681557114
M3_LGBM_dmwd,uncalibrated,all,0.05,1518,1146,0.03424901185770751,-0.0640435962209434,0.1335307358138069,5.221251646903821,0.41943079282859824,-0.02044435248573018,-0.004474780320527994,0.45868778600040966,57.64000000000001,0.3304611798735511,0.2602108036890646,0.07025037618448654,0.32674571805006586,0.3682476943346509,0.30500658761528326
M3_LGBM_dmwd,uncalibrated,all,0.06,1474,1134,0.03419945725915875,-0.0751836083873993,0.13737944278617864,5.273772048846675,0.4302939605493985,-0.020486638487230115,-0.004732360063212598,0.46992573792083686,63.99,0.3292624779798486,0.2564450474898236,0.07281743049002498,0.3256445047489824,0.3677069199457259,0.3066485753052917
M3_LGBM_dmwd,uncalibrated,all,0.07,1418,1107,0.03991537376586742,-0.0603675074683988,0.14340555417008533,5.344421720733428,0.44469078908203113,-0.02043466546737093,-0.004973105806619008,0.48475423888445324,57.62000000000001,0.3286286668266901,0.2552891396332863,0.07333952719340381,0.32581100141043723,0.3638928067700987,0.31029619181946405
M3_LGBM_dmwd,uncalibrated,all,0.08,1377,1083,0.041982570806100204,-0.059361160844831146,0.15157095116910094,5.402745098039215,0.45569371967605177,-0.02004724392205071,-0.004623324302115213,0.4956706042826808,54.24000000000001,0.32663872902059743,0.25054466230936817,0.07609406671122926,0.3202614379084967,0.3674655047204067,0.31227305737109656
M3_LGBM_dmwd,uncalibrated,all,0.1,1290,1021,0.06481395348837209,-0.04419460708524489,0.18550525877348453,5.532937984496124,0.48040485965215807,-0.02007897242208169,-0.0053997112670303,0.5211838597152985,50.33999999999999,0.32434024334086853,0.2503875968992248,0.07395264644164373,0.3147286821705426,0.36589147286821705,0.31937984496124033
M3_LGBM_dmwd,uncalibrated,one_per,0.02,1195,1195,0.0854142259414226,-0.03178682008368203,0.20685251046025102,5.041765690376569,0.4495267701618557,-0.020055030190581222,-0.003132898916983128,0.4892077898189617,39.47,0.3515068570076198,0.28368200836820084,0.06782484863941896,0.3757322175732218,0.27866108786610877,0.34560669456066945
M3_LGBM_dmwd,uncalibrated,one_per,0.03,1181,1181,0.08130397967823878,-0.038586790855207456,0.21190707027942418,5.060338696020322,0.4545666454442445,-0.01988931379211909,-0.0029762218576161446,0.494175930360984,40.15999999999997,0.3514849936454418,0.2819644369178662,0.06952055672757557,0.37510584250635054,0.2768839966130398,0.34801016088060965
M3_LGBM_dmwd,uncalibrated,one_per,0.04,1167,1167,0.08400171379605825,-0.03536418166238216,0.2139865038560411,5.080685518423308,0.45961848232384434,-0.019836787197426965,-0.002986663523582763,0.49938040072245227,43.24999999999997,0.3513171923230474,0.2810625535561268,0.07025463876692062,0.37532133676092544,0.2759211653813196,0.34875749785775495
M3_LGBM_dmwd,uncalibrated,one_per,0.05,1146,1146,0.09209424083769632,-0.031173211169284468,0.22069219022687606,5.118551483420594,0.4672151713102658,-0.019537122030654847,-0.002765819382769345,0.5069452530597068,44.04999999999998,0.35019634098239283,0.28184991273996507,0.06834642824242776,0.3743455497382199,0.2766143106457243,0.34904013961605584
M3_LGBM_dmwd,uncalibrated,one_per,0.06,1134,1134,0.08074955908289241,-0.04184876543209874,0.2066501322751323,5.144876543209875,0.47156814375411077,-0.019550580597379637,-0.0029793060558034137,0.511465131196225,49.329999999999984,0.34922559904178613,0.2760141093474427,0.07321148969434343,0.37213403880070545,0.2760141093474427,0.35185185185185186
M3_LGBM_dmwd,uncalibrated,one_per,0.07,1107,1107,0.08874435411020777,-0.03340582655826559,0.21649932249322493,5.198355916892502,0.48148837313053156,-0.019084532371413273,-0.0027489342172884444,0.5212111274072954,45.69,0.3477744884572732,0.2755194218608853,0.07225506659638792,0.3721770551038844,0.27371273712737126,0.35411020776874436
M3_LGBM_dmwd,uncalibrated,one_per,0.08,1083,1083,0.08686057248384117,-0.042038781163434895,0.21741989843028622,5.25174515235457,0.49049968276393674,-0.018793393998708375,-0.002611641462372473,0.5302700830479878,44.059999999999974,0.34536602112995096,0.2696214219759926,0.07574459915395837,0.3656509695290859,0.2760849492151431,0.358264081255771
M3_LGBM_dmwd,uncalibrated,one_per,0.1,1021,1021,0.10322233104799217,-0.033851371204701254,0.2500871694417238,5.369598432908913,0.5148683182296867,-0.018439332861342545,-0.0029407813404342302,0.5550428303020244,36.34,0.3430309904418939,0.267384916748286,0.07564607369360787,0.3604309500489716,0.2732615083251714,0.366307541625857
M3_LGBM_dmwd,platt,all,0.02,1616,1182,-0.026095297029702966,-0.11662080815444778,0.06982164113511527,5.4003527227722765,0.5024515372019921,-0.01891959008024895,-0.005409216483108917,0.5409175070482747,90.82999999999998,0.3124913507374131,0.22896039603960397,0.0835309546978091,0.25185643564356436,0.27103960396039606,0.4771039603960396
M3_LGBM_dmwd,platt,all,0.03,1562,1161,-0.04136363636363637,-0.14505995164465946,0.05907167116172207,5.469122919334187,0.518947145067576,-0.019037479041373453,-0.006057222026288918,0.5580828081154674,104.18,0.3119233527933941,0.22215108834827144,0.08977226444512268,0.25160051216389245,0.264404609475032,0.4839948783610755
M3_LGBM_dmwd,platt,all,0.04,1502,1134,-0.04211051930758987,-0.13821896057921593,0.05703821540806266,5.548701731025299,0.5382804366362695,-0.019221184519213456,-0.006689081142750156,0.5782719606913432,89.67999999999998,0.3113840495093928,0.21904127829560585,0.09234277121378695,0.24900133155792276,0.2583222370173103,0.49267643142476697
M3_LGBM_dmwd,platt,all,0.05,1461,1115,-0.03401779603011636,-0.13508131830601092,0.0752143783663066,5.6009787816564005,0.5521217635392311,-0.019097950341375267,-0.00686815760356208,0.5923703500779443,81.77,0.3113523297679064,0.2190280629705681,0.0923242667973383,0.2511978097193703,0.25051334702258726,0.49828884325804246
M3_LGBM_dmwd,platt,all,0.06,1406,1084,-0.02665718349928874,-0.14135032702019945,0.08274341430918132,5.6831578947368415,0.5715667090642534,-0.018843389075578625,-0.00707024426159693,0.6120836732366853,73.92000000000002,0.31050559458352117,0.21692745376955902,0.09357814081396215,0.25177809388335703,0.2453769559032717,0.5028449502133713
M3_LGBM_dmwd,platt,all,0.07,1356,1050,-0.04177728613569322,-0.1545760762186096,0.0861239599040174,5.768399705014749,0.5902375269470584,-0.01915059111805761,-0.007811420073246167,0.6316626983945042,90.53,0.3093494455313191,0.20943952802359883,0.09990991750772027,0.2485250737463127,0.2411504424778761,0.5103244837758112
M3_LGBM_dmwd,platt,all,0.08,1305,1017,-0.04452873563218391,-0.1488362566916917,0.07806845323309376,5.860260536398468,0.6103847757204437,-0.019000497792409327,-0.008006474920043388,0.6522404885858804,99.00999999999999,0.30801208567153354,0.2053639846743295,0.10264810099720403,0.24597701149425288,0.23601532567049807,0.518007662835249
M3_LGBM_dmwd,platt,all,0.1,1224,965,-0.03864379084967321,-0.15596053606505655,0.07980995972227316,6.001928104575163,0.6448663998642701,-0.018594647729908542,-0.008005219321615372,0.6872684981777334,103.08999999999999,0.3073446096018675,0.20098039215686275,0.10636421744500474,0.24591503267973855,0.2238562091503268,0.5302287581699346
M3_LGBM_dmwd,platt,one_per,0.02,1182,1182,-0.04769035532994924,-0.1650266497461929,0.0787758037225042,5.350279187817258,0.5836069167592682,-0.018209915864250924,-0.006838883265546571,0.6242644167232354,94.09,0.337266764796871,0.233502538071066,0.10376422672580501,0.32656514382402707,0.04314720812182741,0.6302876480541455
M3_LGBM_dmwd,platt,one_per,0.03,1161,1161,-0.05696813092161928,-0.18015051679586563,0.0698841515934539,5.386304909560724,0.5936954708589748,-0.018534135551399045,-0.007583992655398865,0.6350439556966695,93.96000000000001,0.3372293686344395,0.22997416020671835,0.10725520842772113,0.32558139534883723,0.037037037037037035,0.6373815676141258
M3_LGBM_dmwd,platt,one_per,0.04,1134,1134,-0.050740740740740746,-0.1698099647266314,0.07390432098765427,5.445423280423281,0.6069972920756999,-0.0184391861577773,-0.0076619547773446595,0.6486886629008795,88.12,0.3361551528344411,0.2292768959435626,0.10687825689087849,0.31922398589065254,0.037037037037037035,0.6437389770723104
M3_LGBM_dmwd,platt,one_per,0.05,1115,1115,-0.039506726457399104,-0.15747197309417038,0.09458408071748876,5.485587443946189,0.6165753237594738,-0.018556202647997837,-0.007999640022497813,0.6586412504506919,83.70000000000002,0.33555814424207353,0.2304932735426009,0.10506487069947262,0.3201793721973094,0.034080717488789235,0.6457399103139013
M3_LGBM_dmwd,platt,one_per,0.06,1084,1084,-0.03861623616236162,-0.16297578413284133,0.08893404059040586,5.555239852398524,0.6326178061928354,-0.018018264216921247,-0.007781189827237963,0.6745672823690594,83.39,0.3344698987659787,0.22693726937269373,0.10753262939328498,0.3219557195571956,0.03136531365313653,0.6466789667896679
M3_LGBM_dmwd,platt,one_per,0.07,1050,1050,-0.05778095238095239,-0.18504690476190475,0.08835309523809524,5.636895238095238,0.6509841719357831,-0.01839858691666249,-0.008578236203040976,0.6939029148338142,97.82,0.3332461216830414,0.2180952380952381,0.11515088358780332,0.3161904761904762,0.02666666666666667,0.6571428571428571
M3_LGBM_dmwd,platt,one_per,0.08,1017,1017,-0.05367748279252705,-0.17613815142576206,0.08284832841691246,5.725181907571288,0.6696802210704287,-0.018193088211996937,-0.008592225706392344,0.7128939875342648,98.84999999999998,0.3313920594414548,0.2153392330383481,0.11605282640310668,0.31170108161258603,0.025565388397246803,0.6627335299901671
M3_LGBM_dmwd,platt,one_per,0.1,965,965,-0.0503316062176166,-0.1859694300518135,0.0871593264248704,5.858518134715026,0.7009335682869586,-0.01775333155800265,-0.008408103289406927,0.7445006736259311,100.13,0.3298574884097315,0.21036269430051813,0.11949479410921338,0.3077720207253886,0.02072538860103627,0.6715025906735751
M3_LGBM_dmwd,isotonic,all,0.02,1546,1200,0.0009637774902975295,-0.08481780309380764,0.0979816942627246,4.774036222509702,0.41936856098235614,-0.025346669092880598,-0.009336228479088176,0.46577589465073194,68.87,0.3838129235067724,0.2833117723156533,0.10050115119111908,0.19857697283311773,0.3014230271668823,0.5
M3_LGBM_dmwd,isotonic,all,0.03,1506,1185,0.00244355909694556,-0.0922270234785295,0.10148701138148258,4.806766268260292,0.4298563485504329,-0.025550586967311762,-0.009911005718195821,0.4768990321744232,66.54000000000002,0.38443843390189036,0.2815405046480744,0.10289792925381597,0.19853917662682602,0.2954847277556441,0.5059760956175299
M3_LGBM_dmwd,isotonic,all,0.04,1473,1170,0.0028173794976239005,-0.09594031292603954,0.10382043161498093,4.846775288526816,0.43870764220679875,-0.02525095281990332,-0.009810799095039074,0.48577416179814736,62.010000000000005,0.38398606525077744,0.2790224032586558,0.10496366199212165,0.19212491513917176,0.29463679565512557,0.5132382892057027
M3_LGBM_dmwd,isotonic,all,0.05,1442,1155,0.0022538141470180356,-0.08935245646691657,0.10081049318248858,4.879674063800278,0.4471677443865723,-0.02521805123989394,-0.010017838620130852,0.4945100128912099,60.61,0.3840887042075557,0.2780859916782247,0.10600271252933102,0.18793342579750347,0.29542302357836336,0.5166435506241331
M3_LGBM_dmwd,isotonic,all,0.06,1413,1146,0.0025760792639773536,-0.0956346621245643,0.10142553086138187,4.902215145081387,0.45522340272165607,-0.025473378013161595,-0.010498448424094621,0.5031588021936859,61.36999999999999,0.38520906323091664,0.2774239207360226,0.10778514249489402,0.18966737438075018,0.2894550601556971,0.5208775654635527
M3_LGBM_dmwd,isotonic,all,0.07,1388,1134,-0.0014409221902017188,-0.09977272808267997,0.10363941528465166,4.921037463976945,0.4622652808612163,-0.025536659402083085,-0.010747616388168114,0.510544949432606,66.54999999999998,0.38579051158260275,0.276657060518732,0.10913345106387073,0.18804034582132564,0.28746397694524495,0.5244956772334294
M3_LGBM_dmwd,isotonic,all,0.08,1358,1116,0.003608247422680432,-0.10145078273396992,0.11787539398514195,4.957628865979381,0.4708261896080006,-0.025192832687655355,-0.010566478051720016,0.5190179859604122,66.05999999999999,0.3854511665160147,0.27540500736377027,0.11004615915224442,0.187039764359352,0.28718703976435933,0.5257731958762887
M3_LGBM_dmwd,isotonic,all,0.1,1297,1081,0.013600616808018507,-0.09149594738843325,0.1235533696248121,5.0259136468774095,0.4887955277075639,-0.024604411419663536,-0.010236445874496696,0.5369285766810257,54.43000000000001,0.38547673687355855,0.2744795682343871,0.11099716863917147,0.18350038550501158,0.28835774865073244,0.5281418658442559
M3_LGBM_dmwd,isotonic,one_per,0.02,1200,1200,-0.010841666666666671,-0.12069958333333333,0.09085270833333332,4.556183333333333,0.4765911794106408,-0.02571977670946658,-0.009732564562352865,0.5244930279434267,85.11000000000001,0.4065536918460813,0.2866666666666667,0.11988702517941463,0.23083333333333333,0.2275,0.5416666666666666
M3_LGBM_dmwd,isotonic,one_per,0.03,1185,1185,-0.013291139240506329,-0.1264772151898734,0.09870759493670883,4.579594936708861,0.4823146372865574,-0.025698410736570462,-0.00992494578488141,0.5304234138382603,85.85000000000005,0.4059054841858185,0.2843881856540084,0.12151729853181009,0.22869198312236286,0.2270042194092827,0.5443037974683544
M3_LGBM_dmwd,isotonic,one_per,0.04,1170,1170,-0.010230769230769217,-0.11972863247863248,0.10554764957264955,4.609128205128205,0.48803600493951527,-0.02543722193985062,-0.00978926615256464,0.5360928700578663,82.36000000000001,0.4047990117552267,0.28376068376068375,0.12103832799454295,0.2222222222222222,0.2299145299145299,0.5478632478632479
M3_LGBM_dmwd,isotonic,one_per,0.05,1155,1155,-0.009116883116883117,-0.11283290043290044,0.10728658008658008,4.630389610389611,0.4937844207963347,-0.025289612019945357,-0.00977789698530686,0.541867303890283,81.42000000000002,0.40483227565851027,0.2831168831168831,0.12171539254162717,0.21818181818181817,0.23116883116883116,0.5506493506493506
M3_LGBM_dmwd,isotonic,one_per,0.06,1146,1146,-0.011195462478184978,-0.11901221640488657,0.0985462478184991,4.638141361256544,0.49723034176584213,-0.025659466097040038,-0.010236692398165603,0.5458135201894382,81.32000000000001,0.4052083926276717,0.28184991273996507,0.12335847988770665,0.2181500872600349,0.22949389179755672,0.5523560209424084
M3_LGBM_dmwd,isotonic,one_per,0.07,1134,1134,-0.00862433862433862,-0.1159534832451499,0.10345943562610224,4.646022927689595,0.5018147333996631,-0.02578449067976348,-0.010422628267259275,0.5507402890547597,85.39,0.4061073334900756,0.2830687830687831,0.12303855042129253,0.21516754850088182,0.2275132275132275,0.5573192239858906
M3_LGBM_dmwd,isotonic,one_per,0.08,1116,1116,-0.004229390681003583,-0.11109744623655915,0.11587612007168459,4.665663082437275,0.5086977203504165,-0.025467755493523706,-0.01021731009385609,0.5574653372681707,83.12,0.40691631398387584,0.2831541218637993,0.12376219212007655,0.21415770609318996,0.22670250896057348,0.5591397849462365
M3_LGBM_dmwd,isotonic,one_per,0.1,1081,1081,-0.002775208140610559,-0.11509574468085107,0.12266558741905642,4.727659574468086,0.5223199630245731,-0.024864117117151665,-0.009846899119208434,0.5709351765201318,77.2,0.40554768798912927,0.2802960222016651,0.12525166578746416,0.20906567992599445,0.22849213691026826,0.5624421831637373
M4_LGBM,uncalibrated,all,0.02,1681,1192,0.030945865556216545,-0.06054047795843877,0.12506909292563628,5.024193932183224,0.37743700841305566,-0.02105816248165431,-0.004656423246740234,0.416393123960486,62.870000000000005,0.33610973022932344,0.27007733491969066,0.06603239530963279,0.33135038667459843,0.3604997025580012,0.30814991076740034
M4_LGBM,uncalibrated,all,0.03,1621,1176,0.04219617520049352,-0.04734380486253847,0.14419113983869455,5.090259099321406,0.39046365129059746,-0.02108402626142488,-0.0050714889316068575,0.42994750677340565,65.67999999999998,0.335115617016555,0.26958667489204197,0.06552894212451305,0.32942628007402835,0.3596545342381246,0.310919185687847
M4_LGBM,uncalibrated,all,0.04,1568,1153,0.036345663265306125,-0.06128309735853628,0.13779235012905805,5.148501275510204,0.40247519320749964,-0.021712285122010577,-0.00592028893614032,0.442958766776836,65.08999999999997,0.3342749786723495,0.2659438775510204,0.06833110112132912,0.3309948979591837,0.3590561224489796,0.30994897959183676
M4_LGBM,uncalibrated,all,0.05,1514,1125,0.04661822985468957,-0.05183901925630809,0.1448625715732613,5.213414795244385,0.4152249584751649,-0.02118909555520681,-0.00567134972580914,0.4556207378500137,54.70000000000001,0.3327721169053665,0.2655217965653897,0.0672503203399768,0.3289299867899604,0.35931307793923384,0.31175693527080584
M4_LGBM,uncalibrated,all,0.06,1461,1102,0.04526351813826146,-0.05813043538341598,0.14537029615986133,5.265379876796714,0.42827589557613965,-0.021165776574449357,-0.005947973658965898,0.4690924894552268,50.28000000000001,0.332593818583447,0.2614647501711157,0.0711290684123313,0.3319644079397673,0.35660506502395617,0.31143052703627655
M4_LGBM,uncalibrated,all,0.07,1429,1090,0.05051784464660602,-0.05583288352676705,0.15563664530560423,5.2969139258222535,0.436425487231682,-0.02070910684431226,-0.005492774499253188,0.4770532317833458,48.53,0.3327907024950687,0.2617214835549335,0.07106921894013518,0.3337998600419874,0.35339398180545833,0.31280615815255425
M4_LGBM,uncalibrated,all,0.08,1385,1063,0.04378339350180507,-0.06221665612866114,0.15093500686887676,5.365054151624549,0.44789659183718505,-0.02047588544428662,-0.0055298065505540875,0.48864177360049144,48.879999999999995,0.3305974108675121,0.2555956678700361,0.07500174299747597,0.33140794223826714,0.35306859205776175,0.3155234657039711
M4_LGBM,uncalibrated,all,0.1,1292,1013,0.058421052631578964,-0.0548254171319257,0.16786904427955238,5.497051083591332,0.4737404013835055,-0.020527345863087212,-0.006128557163030405,0.5153470078229809,45.400000000000006,0.32910210996651984,0.25541795665634676,0.07368415331017308,0.3219814241486068,0.35526315789473684,0.32275541795665635
M4_LGBM,uncalibrated,one_per,0.02,1192,1192,0.06578859060402684,-0.056531459731543596,0.18422588087248318,5.003531879194631,0.4406604975429242,-0.019890391222367756,-0.003047738284193572,0.480028269830993,53.919999999999945,0.3584505015422278,0.28859060402684567,0.06985989751538213,0.3951342281879195,0.24664429530201343,0.35822147651006714
M4_LGBM,uncalibrated,one_per,0.03,1176,1176,0.06700680272108843,-0.04501381802721088,0.1993005952380952,5.033061224489796,0.44630575934886924,-0.019866955762327866,-0.003232235949420508,0.4858788116270417,54.85999999999997,0.35768118495232426,0.28741496598639454,0.07026621896592972,0.39285714285714285,0.24489795918367346,0.3622448979591837
M4_LGBM,uncalibrated,one_per,0.04,1153,1153,0.06799653078924545,-0.05318777103209019,0.1948510407632264,5.074232437120555,0.4545140938168184,-0.019862672784452702,-0.0033719955550224902,0.49440490354183003,53.06999999999998,0.3568145650027084,0.2862098872506505,0.07060467775205792,0.39288811795316564,0.24371205550737207,0.3633998265394623
M4_LGBM,uncalibrated,one_per,0.05,1125,1125,0.07702222222222223,-0.048524444444444446,0.20211199999999999,5.125404444444444,0.464692991051139,-0.019517953121461123,-0.0032085505441158233,0.5046091148383013,49.11999999999995,0.3553060865399794,0.2853333333333333,0.06997275320664609,0.39022222222222225,0.24533333333333332,0.36444444444444446
M4_LGBM,uncalibrated,one_per,0.06,1102,1102,0.07731397459165155,-0.0461043557168784,0.2045995916515426,5.160943738656987,0.4732283576505089,-0.019523535452380683,-0.0034412799706347785,0.5134231523628201,50.19999999999996,0.354477061464918,0.2822141560798548,0.07226290538506319,0.39019963702359345,0.24591651542649728,0.36388384754990927
M4_LGBM,uncalibrated,one_per,0.07,1090,1090,0.07787155963302753,-0.050657798165137616,0.200255504587156,5.178568807339449,0.4777288248160186,-0.019124700220569852,-0.0029640771691554994,0.5176346842122501,50.17999999999995,0.35465033500941956,0.281651376146789,0.07299895886263058,0.39174311926605504,0.24587155963302754,0.3623853211009174
M4_LGBM,uncalibrated,one_per,0.08,1063,1063,0.078137347130762,-0.0519442615239887,0.2170531514581373,5.242812793979304,0.48796422255157496,-0.01847225495660933,-0.0024411186135672195,0.5274727663753056,46.39999999999996,0.3516775272732216,0.27657572906867356,0.07510179820454804,0.3885230479774224,0.24741298212605833,0.3640639698965193
M4_LGBM,uncalibrated,one_per,0.1,1013,1013,0.07345508390918067,-0.05956663376110563,0.20607403751233955,5.334758144126358,0.5076688574215138,-0.018521347383265913,-0.0027847193897499014,0.5477788857516971,42.55999999999996,0.35009454705172877,0.2724580454096742,0.07763650164205455,0.3810463968410661,0.25074037512339586,0.368213228035538
M4_LGBM,platt,all,0.02,1600,1180,-0.033424999999999996,-0.1302843965937392,0.06702284581632711,5.41209375,0.5118229661966397,-0.01976196851410848,-0.006744046736587464,0.5516172377746339,99.44999999999999,0.31409452387446085,0.226875,0.08721952387446086,0.2525,0.265,0.4825
M4_LGBM,platt,all,0.03,1558,1157,-0.03557766367137354,-0.12839124453948153,0.06427272643424858,5.463709884467265,0.5249388082474725,-0.019980378110765893,-0.007287101280684784,0.565319320498909,97.47,0.3138834732822696,0.2246469833119384,0.08923648997033123,0.251604621309371,0.2625160462130937,0.4858793324775353
M4_LGBM,platt,all,0.04,1508,1135,-0.02893899204244032,-0.1255752900168836,0.06849268810421552,5.531591511936339,0.5411890958978778,-0.01969365443362359,-0.007265457722122804,0.581807140991192,98.28999999999999,0.31352722850092596,0.22413793103448276,0.0893892974664432,0.2539787798408488,0.25596816976127323,0.490053050397878
M4_LGBM,platt,all,0.05,1462,1105,-0.03844733242134064,-0.1484832926217546,0.07179338490000728,5.6012448700410395,0.5568106158490235,-0.019625458329658518,-0.007495475091204551,0.597874598128665,96.28,0.3125404696596296,0.21819425444596444,0.09434621521366518,0.253077975376197,0.25376196990424077,0.49316005471956226
M4_LGBM,platt,all,0.06,1425,1088,-0.039143859649122814,-0.14394682476842915,0.07183493782337066,5.653719298245614,0.5698420972114989,-0.019552800513849194,-0.007632891241202399,0.6112399490515393,104.28999999999998,0.31218568138507075,0.21543859649122807,0.09674708489384268,0.2554385964912281,0.24771929824561403,0.4968421052631579
M4_LGBM,platt,all,0.07,1375,1062,-0.04565818181818182,-0.1474117783510684,0.07336942670420941,5.734916363636364,0.5881917459647239,-0.019584074791431146,-0.008088697633863764,0.6302190063394538,106.66000000000001,0.3110488750062281,0.2109090909090909,0.10013978409713717,0.25236363636363635,0.2421818181818182,0.5054545454545455
M4_LGBM,platt,all,0.08,1321,1024,-0.033353520060560186,-0.14399594796359716,0.08171383506509625,5.83113550340651,0.6091646134196893,-0.019218882759042426,-0.008071876393183568,0.6514748261250138,97.82,0.30942770453263846,0.21196063588190764,0.09746706865073082,0.2513247539742619,0.23618470855412566,0.5124905374716124
M4_LGBM,platt,all,0.1,1242,974,-0.03482286634460548,-0.1514637464175764,0.08247455038752773,5.971384863123993,0.6422627225745128,-0.018556302849570685,-0.007894093635154684,0.6848429546893163,89.72,0.30858328977794297,0.20611916264090177,0.1024641271370412,0.249597423510467,0.2278582930756844,0.5225442834138486
M4_LGBM,platt,one_per,0.02,1180,1180,-0.04064406779661018,-0.15405699152542376,0.0942650423728813,5.334542372881356,0.5866365263889574,-0.018864567587780462,-0.007874510582922442,0.6282651271800577,92.38,0.339714705536051,0.23728813559322035,0.10242656994283064,0.326271186440678,0.03559322033898305,0.638135593220339
M4_LGBM,platt,one_per,0.03,1157,1157,-0.04082108902333621,-0.15452420051858254,0.08188677614520307,5.379144338807261,0.5977941256881304,-0.019049419935775087,-0.008283566655295331,0.6399524686447503,89.04999999999998,0.3392627813175733,0.23595505617977527,0.10330772513779804,0.32497839239412274,0.032843560933448576,0.6421780466724287
M4_LGBM,platt,one_per,0.04,1135,1135,-0.04973568281938327,-0.16320859030837004,0.08167797356828195,5.423533039647577,0.6087169243026122,-0.019030878518762707,-0.008433193543773813,0.651206324762059,95.35000000000001,0.3389925516361199,0.23171806167400882,0.10727448996211109,0.32599118942731276,0.02907488986784141,0.6449339207048458
M4_LGBM,platt,one_per,0.05,1105,1105,-0.04958371040723982,-0.17284524886877828,0.08222285067873304,5.489918552036198,0.6240332155313282,-0.01893695963308208,-0.008598056162405521,0.6669176426293898,93.62,0.3379835388570632,0.22805429864253393,0.1099292402145293,0.3248868778280543,0.027149321266968326,0.6479638009049774
M4_LGBM,platt,one_per,0.06,1088,1088,-0.05275735294117648,-0.17262614889705882,0.08499448529411764,5.529448529411764,0.6329383778508572,-0.018854315794371176,-0.008550035670172351,0.6760079179805574,97.9,0.33723386214072815,0.22518382352941177,0.11205003861131638,0.32628676470588236,0.024816176470588234,0.6488970588235294
M4_LGBM,platt,one_per,0.07,1062,1062,-0.05216572504708099,-0.17819397363465161,0.07993173258003766,5.5955932203389835,0.6468520020197949,-0.01856282229297563,-0.008483628607583912,0.690042379332658,96.26,0.33548793081921074,0.2222222222222222,0.11326570859698853,0.3220338983050847,0.02448210922787194,0.6534839924670434
M4_LGBM,platt,one_per,0.08,1024,1024,-0.037128906249999996,-0.168648681640625,0.09707983398437489,5.697460937500001,0.6680768383076825,-0.01822982324950989,-0.008462744437613325,0.7115854931207592,86.82,0.33310969507086796,0.2236328125,0.10947688257086796,0.3193359375,0.0205078125,0.66015625
M4_LGBM,platt,one_per,0.1,974,974,-0.03799794661190966,-0.17656468172484596,0.0952774640657084,5.829168377823408,0.6978135867329376,-0.017326027164254038,-0.0078065636220584315,0.7412278435736327,81.55,0.33137944711753065,0.21765913757700206,0.11372030954052859,0.31519507186858314,0.019507186858316223,0.6652977412731006
M4_LGBM,isotonic,all,0.02,1529,1180,-0.0030739045127534353,-0.09870548550948843,0.0848681668287545,4.793289731850884,0.42565740750348136,-0.02597910048536707,-0.010472324509665306,0.47345581643153556,71.43999999999998,0.3865239112665818,0.2884238064094179,0.09810010485716392,0.21909744931327665,0.2805755395683453,0.5003270111183781
M4_LGBM,isotonic,all,0.03,1490,1172,-0.0032818791946308775,-0.0952874414146903,0.09439942592166471,4.834422818791946,0.4361459830713628,-0.025951413503514688,-0.010556298462067815,0.48425990406085084,71.83999999999999,0.3867901769389968,0.2859060402684564,0.10088413667054041,0.21543624161073827,0.2785234899328859,0.5060402684563758
M4_LGBM,isotonic,all,0.04,1444,1152,-0.01057479224376732,-0.10232745781680443,0.09092224173154276,4.871655124653739,0.448939588682592,-0.025599949275265415,-0.010400263547646966,0.4971932307617166,79.8,0.3878214075264187,0.28116343490304707,0.10665797262337162,0.21052631578947367,0.27285318559556787,0.5166204986149584
M4_LGBM,isotonic,all,0.05,1404,1137,-0.004508547008547008,-0.09647811801501839,0.0884902760322115,4.914551282051282,0.4604438469621246,-0.025793220568584324,-0.010901532588475708,0.5092488653871431,71.69,0.38688562614346944,0.2792022792022792,0.10768334694119025,0.20655270655270655,0.26851851851851855,0.5249287749287749
M4_LGBM,isotonic,all,0.06,1369,1116,-0.0008108108108107948,-0.10239837412784607,0.10224439698334456,4.958349159970782,0.47081300427204775,-0.025805053933624512,-0.011100689611871389,0.5200509352565114,81.94999999999999,0.386864518783151,0.2783053323593864,0.10855918642376455,0.20233747260774287,0.2658875091307524,0.5317750182615048
M4_LGBM,isotonic,all,0.07,1333,1094,0.010232558139534895,-0.08670696953304612,0.12352980370545319,4.994988747186796,0.4817825218954575,-0.025369236260149232,-0.010892662504187973,0.5309575549242048,71.98000000000002,0.38793007620588976,0.2798199549887472,0.10811012121714259,0.2040510127531883,0.26106526631657917,0.5348837209302325
M4_LGBM,isotonic,all,0.08,1287,1069,0.00771561771561771,-0.09936741974602381,0.11520825388837443,5.041841491841492,0.49632600521298414,-0.02531000462170715,-0.011154743478927268,0.5458764960265875,68.63000000000001,0.3874812096698035,0.2766122766122766,0.11086893305752687,0.20435120435120435,0.2571872571872572,0.5384615384615384
M4_LGBM,isotonic,all,0.1,1217,1033,0.012695152013147073,-0.09097884199134197,0.12488025599496108,5.118216926869351,0.5196670511037731,-0.02551998856315283,-0.011840273735173218,0.5704230485027214,62.730000000000004,0.3879422330423461,0.2744453574363188,0.11349687560602728,0.20213640098603122,0.25061626951520133,0.5472473294987674
M4_LGBM,isotonic,one_per,0.02,1180,1180,-0.023805084745762702,-0.13087711864406779,0.08284258474576267,4.550550847457627,0.4859606924410217,-0.026085825175979297,-0.010656659987241197,0.5349438310753318,77.10999999999999,0.40986845785902404,0.29152542372881357,0.11834303413021047,0.2440677966101695,0.18728813559322033,0.5686440677966101
M4_LGBM,isotonic,one_per,0.03,1172,1172,-0.029684300341296932,-0.13664419795221844,0.07293174061433447,4.561757679180887,0.4891061404562999,-0.026170694881875782,-0.010766779778461957,0.5383187603889695,76.10999999999999,0.41006900536511315,0.28924914675767915,0.120819858607434,0.24488054607508533,0.18686006825938567,0.568259385665529
M4_LGBM,isotonic,one_per,0.04,1152,1152,-0.028498263888888892,-0.13072200520833333,0.08037847222222219,4.584340277777778,0.4969956750586011,-0.025890871207782034,-0.01055678509312558,0.5461976654448155,77.09999999999998,0.4109694575509441,0.2890625,0.1219069575509441,0.2421875,0.1840277777777778,0.5737847222222222
M4_LGBM,isotonic,one_per,0.05,1137,1137,-0.02437115215479331,-0.13295734388742306,0.07730892700087946,4.6016798592788035,0.5029508479589396,-0.026379080475611848,-0.011162894039525835,0.5527108926226597,71.14999999999999,0.4106440914523238,0.2884784520668426,0.1221656393854812,0.23746701846965698,0.1838170624450308,0.5787159190853123
M4_LGBM,isotonic,one_per,0.06,1116,1116,-0.025206093189964154,-0.1296720430107527,0.08846527777777777,4.633978494623656,0.5113758517808885,-0.02617909674458858,-0.01110708219245885,0.5612633992460212,76.05,0.410573222444197,0.28584229390681004,0.12473092853738693,0.23207885304659498,0.18369175627240145,0.5842293906810035
M4_LGBM,isotonic,one_per,0.07,1094,1094,-0.02502742230347349,-0.13762042961608778,0.09136631627056668,4.661791590493602,0.520359668216566,-0.02582820668378779,-0.010896942167789853,0.5701477085214459,77.10999999999999,0.4110087890478411,0.2842778793418647,0.1267309097059764,0.23217550274223034,0.18281535648994515,0.5850091407678245
M4_LGBM,isotonic,one_per,0.08,1069,1069,-0.02928905519176801,-0.13909354536950422,0.08637160898035542,4.69535079513564,0.5307659552323025,-0.0260760409483032,-0.011467814276156927,0.5812007136118245,80.71999999999998,0.4115085037796295,0.2815715622076707,0.1299369415719588,0.23105706267539758,0.1814780168381665,0.587464920486436
M4_LGBM,isotonic,one_per,0.1,1033,1033,-0.021984511132623414,-0.13295546950629236,0.10712512100677636,4.7555372700871255,0.5460858913159621,-0.026391953471871725,-0.012190060280166275,0.5974546235789366,77.39999999999999,0.4108533042228277,0.2807357212003872,0.13011758302244048,0.2265246853823814,0.18393030009680542,0.5895450145208132
