season,date,home_team,away_team,y,m4_p_away,m4_p_draw,m4_p_home,ps_open_home,ps_open_draw,ps_open_away,ps_close_home,ps_close_draw,ps_close_away
2425,2024-08-23,M'gladbach,Leverkusen,0,0.6500427183693798,0.07549948170652084,0.2744577999240993,5.33,4.58,1.6,4.94,4.38,1.67
2425,2024-08-24,Augsburg,Werder Bremen,1,0.4182554350436911,0.26962412587043816,0.3121204390858706,2.32,3.55,3.11,2.57,3.61,2.77
2425,2024-08-24,Dortmund,Ein Frankfurt,2,0.1570834101832696,0.1345157137061576,0.7084008761105728,1.71,4.4,4.48,1.75,4.19,4.58
2425,2024-08-24,Freiburg,Stuttgart,2,0.38664918566644796,0.28152490860410484,0.33182590572944715,3.5,3.7,2.09,3.73,3.99,1.96
2425,2024-08-24,Hoffenheim,Kiel,2,0.20889431607206976,0.1885156870615578,0.6025899968663724,1.64,4.38,5.07,1.61,4.68,5.05
2425,2024-08-24,Mainz,Union Berlin,1,0.1600223197820952,0.21156021728738958,0.6284174629305153,2.08,3.24,4.1,2.1,3.39,3.9
2425,2024-08-24,RB Leipzig,Bochum,2,0.07574100656958527,0.15023338295713154,0.7740256104732831,1.25,6.71,10.65,1.22,7.23,12.72
2425,2024-08-25,St Pauli,Heidenheim,0,0.3002045737614988,0.17279120848647916,0.527004217752022,2.13,3.5,3.59,2.02,3.49,4.06
2425,2024-08-25,Wolfsburg,Bayern Munich,0,0.5460202756505012,0.2535310202535103,0.20044870409598856,6.33,5.0,1.47,6.5,4.57,1.52
2425,2024-08-30,Union Berlin,St Pauli,2,0.20808220075763162,0.22437297352571522,0.5675448257166531,1.96,3.5,4.29,1.95,3.43,4.43
2425,2024-08-31,Bochum,M'gladbach,0,0.304787230620573,0.36531877277463054,0.32989399660479646,2.66,3.73,2.57,2.88,3.85,2.38
2425,2024-08-31,Ein Frankfurt,Hoffenheim,2,0.3020484183792648,0.258258246493272,0.4396933351274631,1.8,4.2,4.12,1.65,4.6,4.84
2425,2024-08-31,Kiel,Wolfsburg,0,0.2518184111128359,0.20217921666529742,0.5460023722218665,3.26,3.69,2.19,3.06,3.68,2.33
2425,2024-08-31,Leverkusen,RB Leipzig,0,0.24393199256911383,0.17334065460157805,0.5827273528293082,1.8,4.22,4.1,1.63,4.45,5.15
2425,2024-08-31,Stuttgart,Mainz,1,0.18710000132887383,0.19226566270350579,0.6206343359676204,1.66,4.23,5.09,1.67,4.21,4.97
2425,2024-08-31,Werder Bremen,Dortmund,1,0.4903298924467579,0.2411883414108173,0.2684817661424247,4.05,4.14,1.83,3.88,3.94,1.93
2425,2024-09-01,Bayern Munich,Freiburg,2,0.12242504321539342,0.16082807311344308,0.7167468836711635,1.21,7.89,11.45,1.19,8.1,13.69
2425,2024-09-01,Heidenheim,Augsburg,2,0.13508370309237464,0.25483452065394724,0.6100817762536782,2.42,3.47,3.02,2.42,3.49,3.05
2425,2024-09-13,Dortmund,Heidenheim,2,0.13988574119768293,0.11937357563415055,0.7407406831681664,1.39,5.35,7.83,1.34,5.7,8.67
2425,2024-09-14,Freiburg,Bochum,2,0.16813134902295057,0.23813229918847476,0.5937363517885746,1.69,4.08,4.9,1.58,4.41,5.8
2425,2024-09-14,Hoffenheim,Leverkusen,0,0.540536672448706,0.09514905410433136,0.3643142734469628,5.95,4.96,1.49,6.84,5.37,1.43
2425,2024-09-14,Kiel,Bayern Munich,0,0.6561373581533595,0.17148494742696882,0.17237769441967177,11.8,7.52,1.21,13.19,7.77,1.2
2425,2024-09-14,M'gladbach,Stuttgart,0,0.5280252595314048,0.21633826398549155,0.25563647648310367,2.84,3.96,2.31,2.7,3.86,2.51
2425,2024-09-14,RB Leipzig,Union Berlin,1,0.15705860940720473,0.17205921036945018,0.6708821802233451,1.48,4.69,6.64,1.49,4.8,6.62
2425,2024-09-14,Wolfsburg,Ein Frankfurt,0,0.28550053047366386,0.2917565845255229,0.4227428850008132,2.72,3.45,2.63,2.82,3.44,2.61
2425,2024-09-15,Augsburg,St Pauli,2,0.313121116830015,0.23139727557161022,0.4554816075983748,2.09,3.61,3.52,2.08,3.33,4.02
2425,2024-09-15,Mainz,Werder Bremen,0,0.1927476978978529,0.3316596693620366,0.47559263274011054,2.04,3.66,3.61,2.2,3.62,3.37
2425,2024-09-20,Augsburg,Mainz,0,0.455472887282833,0.22428486968540423,0.3202422430317627,2.42,3.6,2.97,2.41,3.53,3.03
2425,2024-09-21,Bochum,Kiel,1,0.2006228086100181,0.2840592817163585,0.5153179096736233,1.99,3.8,3.7,1.82,3.94,4.4
2425,2024-09-21,Ein Frankfurt,M'gladbach,2,0.1992769739559387,0.22565494985887422,0.5750680761851871,1.79,4.14,4.26,1.77,4.29,4.3
2425,2024-09-21,Heidenheim,Freiburg,0,0.25160510103306044,0.3397695684191919,0.4086253305477476,2.75,3.4,2.66,3.37,3.48,2.25
2425,2024-09-21,Union Berlin,Hoffenheim,2,0.34199689463117006,0.3165950637420445,0.34140804162678545,2.04,3.72,3.65,1.87,3.84,4.28
2425,2024-09-21,Werder Bremen,Bayern Munich,0,0.509106472108497,0.25198060156099394,0.238912926330509,7.92,5.6,1.36,9.26,6.08,1.32
2425,2024-09-22,Leverkusen,Wolfsburg,2,0.20899547870641066,0.17297896047300648,0.6180255608205829,1.31,5.91,9.23,1.27,6.45,10.37
2425,2024-09-22,St Pauli,RB Leipzig,1,0.6364316720566051,0.14509853443230505,0.21846979351108986,5.19,4.25,1.64,5.25,4.22,1.66
2425,2024-09-22,Stuttgart,Dortmund,2,0.3866605328970928,0.19582903291591505,0.4175104341869922,2.32,3.8,2.94,2.32,3.81,2.99
2425,2024-09-27,Dortmund,Bochum,2,0.08761088680472917,0.14163629253254592,0.7707528206627248,1.24,7.21,11.22,1.2,7.66,13.43
2425,2024-09-28,Bayern Munich,Leverkusen,1,0.32129567635466827,0.15579655128221592,0.5229077723631158,1.74,4.34,4.36,1.67,4.53,4.75
2425,2024-09-28,Freiburg,St Pauli,0,0.1506100563927998,0.1628640862226118,0.6865258573845885,1.62,4.15,5.59,1.6,4.2,5.98
2425,2024-09-28,M'gladbach,Union Berlin,2,0.3895887867120773,0.17039506726026737,0.4400161460276552,2.13,3.54,3.54,2.19,3.47,3.53
2425,2024-09-28,Mainz,Heidenheim,0,0.1571675391792182,0.291600378296571,0.5512320825242107,1.86,3.82,4.21,1.86,3.67,4.56
2425,2024-09-28,RB Leipzig,Augsburg,2,0.08595658503644563,0.1373754817711617,0.7766679331923927,1.4,5.4,7.14,1.51,4.84,6.15
2425,2024-09-28,Wolfsburg,Stuttgart,1,0.4281391717841392,0.2972820626730584,0.27457876554280247,3.35,3.89,2.09,3.66,3.82,2.03
2425,2024-09-29,Hoffenheim,Werder Bremen,0,0.33585833493562417,0.22327960008628625,0.4408620649780896,2.4,3.78,2.84,2.29,3.78,3.07
2425,2024-09-29,Kiel,Ein Frankfurt,0,0.5044178673338591,0.18160852069292865,0.31397361197321233,4.5,4.22,1.73,3.77,3.88,2.0
2425,2024-10-04,Augsburg,M'gladbach,2,0.3547778960284306,0.32363010356342387,0.3215920004081456,2.46,3.78,2.81,2.45,3.7,2.86
2425,2024-10-05,Bochum,Wolfsburg,0,0.2355050556418074,0.306154381266777,0.45834056309141563,3.07,3.78,2.25,3.13,3.71,2.28
2425,2024-10-05,Leverkusen,Kiel,1,0.10390158552675104,0.19508139585327966,0.7010170186199693,1.08,13.45,25.93,1.09,11.97,31.01
2425,2024-10-05,St Pauli,Mainz,0,0.40714132342493975,0.1771101625644004,0.4157485140106598,2.46,3.42,2.99,2.17,3.38,3.68
2425,2024-10-05,Union Berlin,Dortmund,2,0.4680954761575282,0.21126506668101006,0.32063945716146175,3.43,3.52,2.18,3.77,3.6,2.06
2425,2024-10-05,Werder Bremen,Freiburg,0,0.268131548035135,0.38529863415323473,0.34656981781163027,2.67,3.61,2.62,2.75,3.46,2.67
2425,2024-10-06,Ein Frankfurt,Bayern Munich,1,0.45931691340981656,0.2508500839742787,0.28983300261590467,5.72,4.85,1.52,5.64,4.79,1.55
2425,2024-10-06,Heidenheim,RB Leipzig,0,0.4430840896306845,0.23105793393025853,0.32585797643905684,4.77,4.18,1.7,5.18,4.04,1.69
2425,2024-10-06,Stuttgart,Hoffenheim,1,0.18810478538847597,0.24089291925514356,0.5710022953563804,1.3,6.4,8.25,1.32,6.3,8.55
2425,2024-10-18,Dortmund,St Pauli,2,0.1340698223433797,0.19735246394642725,0.668577713710193,1.31,5.95,10.18,1.3,5.85,10.67
2425,2024-10-19,Bayern Munich,Stuttgart,2,0.15169432674772795,0.12152414632746926,0.7267815269248027,1.36,5.88,7.55,1.3,6.28,9.55
2425,2024-10-19,Freiburg,Augsburg,2,0.1496750874715053,0.26099028401634616,0.5893346285121485,1.74,3.87,4.93,1.69,4.01,5.3
2425,2024-10-19,Hoffenheim,Bochum,2,0.1714652254242011,0.24189732525855798,0.5866374493172409,1.7,4.47,4.45,1.52,4.94,5.89
2425,2024-10-19,Leverkusen,Ein Frankfurt,2,0.15982370560960757,0.1498096050318599,0.6903666893585326,1.45,5.18,6.35,1.47,4.95,6.59
2425,2024-10-19,M'gladbach,Heidenheim,2,0.38307755379520897,0.2654756236709341,0.3514468225338569,1.83,3.77,4.44,1.91,3.79,4.11
2425,2024-10-19,Mainz,RB Leipzig,0,0.3264917698784208,0.2511428135662763,0.42236541655530285,4.27,3.71,1.88,4.09,3.96,1.88
2425,2024-10-20,Kiel,Union Berlin,0,0.3124001999875205,0.19454979583341311,0.49305000417906636,3.48,3.43,2.2,3.83,3.51,2.07
2425,2024-10-20,Wolfsburg,Werder Bremen,0,0.22999865695274443,0.2589671981638739,0.5110341448833817,2.09,3.66,3.55,2.02,3.79,3.67
2425,2024-10-25,Mainz,M'gladbach,1,0.2295108612155655,0.3001244393183052,0.4703646994661294,2.39,3.79,2.89,2.32,3.76,3.02
2425,2024-10-26,Augsburg,Dortmund,2,0.6531446904931351,0.1805130425468136,0.1663422669600513,3.83,3.92,1.93,4.15,4.15,1.83
2425,2024-10-26,RB Leipzig,Freiburg,2,0.15815622136643084,0.18417157122725378,0.6576722074063154,1.75,4.11,4.55,1.83,3.93,4.39
2425,2024-10-26,St Pauli,Wolfsburg,1,0.32870267510509554,0.16330156253637695,0.5079957623585275,2.66,3.47,2.71,2.61,3.45,2.82
2425,2024-10-26,Stuttgart,Kiel,2,0.10183237057839407,0.20589692106535826,0.6922707083562477,1.23,7.21,11.08,1.2,7.69,13.72
2425,2024-10-26,Werder Bremen,Leverkusen,1,0.5739687771469447,0.12144143778984201,0.3045897850632133,5.84,4.9,1.51,6.48,5.2,1.46
2425,2024-10-27,Bochum,Bayern Munich,0,0.6497393742667201,0.15082801375712898,0.19943261197615098,14.33,9.86,1.15,17.88,9.51,1.13
2425,2024-10-27,Heidenheim,Hoffenheim,1,0.3527214904548981,0.28023832584725916,0.36704018369784275,2.32,3.68,3.03,2.88,3.38,2.6
2425,2024-10-27,Union Berlin,Ein Frankfurt,1,0.24407577280333767,0.304590503460045,0.4513337237366173,2.63,3.32,2.84,2.55,3.22,3.08
2425,2024-11-01,Leverkusen,Stuttgart,1,0.19408090118807242,0.1948277251569217,0.6110913736550058,1.57,4.87,5.29,1.63,4.55,5.05
2425,2024-11-02,Bayern Munich,Union Berlin,2,0.09101345576491607,0.10562222364992697,0.8033643205851569,1.17,8.24,15.58,1.15,8.88,19.22
2425,2024-11-02,Dortmund,RB Leipzig,2,0.2878175478128321,0.25143226451354844,0.4607501876736194,2.25,3.69,3.15,2.19,3.84,3.21
2425,2024-11-02,Ein Frankfurt,Bochum,2,0.1756334085214813,0.22205139468094512,0.6023151967975736,1.34,6.0,7.96,1.46,4.95,6.59
2425,2024-11-02,Hoffenheim,St Pauli,0,0.21557679292933557,0.24269917337228647,0.541724033698378,1.88,3.9,4.02,1.89,3.86,4.12
2425,2024-11-02,Kiel,Heidenheim,2,0.2608056617695326,0.2716047579904227,0.4675895802400447,2.82,3.52,2.54,2.5,3.39,3.0
2425,2024-11-02,Wolfsburg,Augsburg,1,0.19511407129672811,0.23298051091041072,0.5719054177928611,2.01,3.86,3.59,2.1,3.59,3.67
2425,2024-11-03,Freiburg,Mainz,1,0.2856867956407573,0.220006071178192,0.4943071331810509,1.7,3.9,5.21,1.77,3.78,4.98
2425,2024-11-03,M'gladbach,Werder Bremen,2,0.505814938251786,0.17605354266662554,0.3181315190815884,2.14,3.89,3.22,2.34,3.73,3.01
2425,2024-11-08,Union Berlin,Freiburg,1,0.24817123173974417,0.2707126737105741,0.48111609454968174,2.55,3.19,3.11,2.48,3.25,3.16
2425,2024-11-09,Bochum,Leverkusen,1,0.6237549380869942,0.10431011324476652,0.2719349486682392,10.94,6.8,1.24,11.26,6.81,1.25
2425,2024-11-09,Mainz,Dortmund,2,0.3805392903260206,0.3336243793503807,0.28583633032359884,3.48,3.74,2.08,3.75,3.8,2.01
2425,2024-11-09,RB Leipzig,M'gladbach,1,0.1476146792634716,0.12750672021760778,0.7248786005189207,1.6,4.67,5.11,1.66,4.4,4.94
2425,2024-11-09,St Pauli,Bayern Munich,0,0.6573340588871389,0.17179771145399444,0.17086822965886653,12.45,7.14,1.22,16.12,7.69,1.19
2425,2024-11-09,Werder Bremen,Kiel,2,0.12579203384831827,0.23913986740454402,0.6350680987471378,1.64,4.29,5.15,1.61,4.35,5.53
2425,2024-11-10,Augsburg,Hoffenheim,1,0.4842852664268321,0.24505052794353682,0.27066420562963117,2.11,3.85,3.33,2.18,3.41,3.63
2425,2024-11-10,Heidenheim,Wolfsburg,0,0.2488781130121387,0.223991257560762,0.5271306294270993,2.91,3.27,2.61,2.95,3.29,2.6
2425,2024-11-10,Stuttgart,Ein Frankfurt,0,0.17576012977520275,0.23320833602809415,0.5910315341967032,1.93,4.05,3.72,1.78,3.95,4.54
2425,2024-11-22,Bayern Munich,Augsburg,2,0.06928714785852716,0.12325336048942467,0.8074594916520481,1.12,11.15,21.63,1.11,11.5,23.0
2425,2024-11-23,Dortmund,Freiburg,2,0.14755394934476043,0.1510421525120026,0.701403898143237,1.69,4.18,4.86,1.82,3.87,4.52
2425,2024-11-23,Ein Frankfurt,Werder Bremen,2,0.19616392964695115,0.2126905285406582,0.5911455418123907,1.71,4.24,4.59,1.79,4.13,4.37
2425,2024-11-23,Hoffenheim,RB Leipzig,2,0.5329616726202472,0.1728367992637588,0.2942015281159941,3.49,3.7,2.09,3.21,3.75,2.22
2425,2024-11-23,Leverkusen,Heidenheim,2,0.15606247495639805,0.19550138979650908,0.648436135247093,1.19,8.07,13.4,1.21,7.42,13.66
2425,2024-11-23,Stuttgart,Bochum,2,0.10102063630960771,0.16960887634731078,0.7293704873430816,1.33,6.24,7.44,1.34,6.01,8.33
2425,2024-11-23,Wolfsburg,Union Berlin,2,0.2679954426754046,0.1952047040384869,0.5367998532861086,2.37,3.28,3.27,2.18,3.31,3.74
2425,2024-11-24,Kiel,Mainz,0,0.41346551205093474,0.2569867685027609,0.32954771944630434,3.15,3.49,2.33,3.35,3.39,2.3
2425,2024-11-24,M'gladbach,St Pauli,2,0.21434830207028086,0.20420533784851397,0.5814463600812052,1.83,3.77,4.49,1.92,3.75,4.14
2425,2024-11-29,St Pauli,Kiel,2,0.28956592910066964,0.23860082828045964,0.4718332426188707,1.71,3.83,5.22,1.67,3.84,5.61
2425,2024-11-30,Augsburg,Bochum,2,0.18433009378188853,0.24838843087389595,0.5672814753442155,1.72,3.99,4.88,1.82,3.8,4.61
2425,2024-11-30,Dortmund,Bayern Munich,1,0.4498907885160924,0.27915770758400854,0.27095150389989897,4.67,4.38,1.68,4.69,4.17,1.73
2425,2024-11-30,Freiburg,M'gladbach,2,0.3217348118864304,0.28531666329335525,0.3929485248202143,2.01,3.78,3.69,2.08,3.71,3.59
2425,2024-11-30,RB Leipzig,Wolfsburg,0,0.14848207381259082,0.18183248129822321,0.6696854448891859,1.7,4.17,4.8,1.79,3.89,4.64
2425,2024-11-30,Union Berlin,Leverkusen,0,0.48823936957893155,0.1409510000225721,0.3708096303984962,4.72,3.84,1.78,4.88,3.47,1.9
2425,2024-11-30,Werder Bremen,Stuttgart,1,0.42910560659183267,0.218974295686714,0.35192009772145333,3.02,3.75,2.3,2.57,3.56,2.8
2425,2024-12-01,Heidenheim,Ein Frankfurt,0,0.5355494683399284,0.1587570184245492,0.3056935132355224,3.85,3.73,1.97,4.09,3.54,1.99
2425,2024-12-01,Mainz,Hoffenheim,2,0.4058488325562328,0.25665294125192056,0.33749822619184666,2.08,3.7,3.53,2.15,3.57,3.52
2425,2024-12-06,Stuttgart,Union Berlin,2,0.13820839548685168,0.20013552778168364,0.6616560767314648,1.84,3.61,4.78,1.93,3.51,4.42
2425,2024-12-07,Bayern Munich,Heidenheim,2,0.11380870538295233,0.13810178775100093,0.7480895068660468,1.09,14.33,22.78,1.11,11.25,24.0
2425,2024-12-07,Bochum,Werder Bremen,0,0.48061990937248694,0.1781601804918896,0.34121991013562336,3.21,3.59,2.25,3.62,3.8,2.05
2425,2024-12-07,Ein Frankfurt,Augsburg,1,0.12001811847454866,0.22364282789601558,0.6563390536294358,1.56,4.43,5.91,1.54,4.4,6.39
2425,2024-12-07,Kiel,RB Leipzig,0,0.5843910343500934,0.1552791265103155,0.2603298391395911,5.49,4.42,1.59,6.95,4.91,1.46
2425,2024-12-07,Leverkusen,St Pauli,2,0.11010431053506475,0.1586560591146279,0.7312396303503074,1.24,6.76,11.47,1.28,6.06,11.8
2425,2024-12-07,M'gladbach,Dortmund,1,0.4988493908881257,0.27166392836272363,0.2294866807491507,3.24,3.87,2.14,3.45,3.88,2.08
2425,2024-12-08,Hoffenheim,Freiburg,1,0.3304592797065137,0.2696016952105048,0.39993902508298157,2.73,3.45,2.54,2.51,3.3,3.07
2425,2024-12-08,Wolfsburg,Mainz,2,0.2594153840367708,0.16781446343983616,0.5727701525233931,2.15,3.34,3.5,2.13,3.45,3.72
2425,2024-12-13,Freiburg,Wolfsburg,2,0.2881968174318476,0.26295973958609425,0.44884344298205825,2.26,3.45,3.38,2.32,3.46,3.25
2425,2024-12-14,Augsburg,Leverkusen,0,0.6612286725569723,0.1199620481268491,0.21880927931617875,5.59,4.28,1.6,6.3,4.09,1.59
2425,2024-12-14,M'gladbach,Kiel,2,0.1817018651931023,0.1786704079067683,0.6396277269001294,1.46,4.89,6.75,1.43,5.29,7.5
2425,2024-12-14,Mainz,Bayern Munich,2,0.4429372391277252,0.28013048100740423,0.27693227986487073,6.86,4.87,1.46,6.26,4.59,1.53
2425,2024-12-14,St Pauli,Werder Bremen,0,0.37893626539961983,0.22153180136231537,0.39953193323806474,2.69,3.36,2.75,3.0,3.19,2.63
2425,2024-12-14,Union Berlin,Bochum,0,0.16033600782011642,0.2540708678758413,0.5855931243040423,1.6,4.01,6.13,1.67,3.93,5.68
2425,2024-12-15,Dortmund,Hoffenheim,1,0.11626312657802142,0.11679895973990681,0.7669379136820718,1.45,5.13,6.46,1.36,5.51,8.55
2425,2024-12-15,Heidenheim,Stuttgart,0,0.496662232051996,0.27603167311741933,0.22730609483058462,4.27,3.93,1.83,4.72,4.07,1.75
2425,2024-12-15,RB Leipzig,Ein Frankfurt,2,0.3645061179716874,0.1703064221517166,0.46518745987659593,2.11,3.92,3.29,2.3,3.76,3.06
2425,2024-12-20,Bayern Munich,RB Leipzig,2,0.21546780798643514,0.21329616720883818,0.5712360248047267,1.21,7.48,13.15,1.22,7.36,12.59
2425,2024-12-21,Ein Frankfurt,Mainz,0,0.34444191183370904,0.15223409817867584,0.5033239899876152,1.85,4.02,4.05,2.1,3.6,3.63
2425,2024-12-21,Hoffenheim,M'gladbach,0,0.35241890829078654,0.24587166451817524,0.40170942719103836,2.4,3.66,2.91,2.3,3.63,3.14
2425,2024-12-21,Kiel,Augsburg,2,0.2950652687313899,0.23074461903117646,0.4741901122374336,3.17,3.25,2.44,3.59,3.36,2.21
2425,2024-12-21,Leverkusen,Freiburg,2,0.1621328254895609,0.19380796772383901,0.6440592067866001,1.37,5.33,8.23,1.39,5.32,8.17
2425,2024-12-21,Stuttgart,St Pauli,0,0.10183237057839407,0.20589692106535826,0.6922707083562477,1.47,4.73,6.93,1.46,4.77,7.33
2425,2024-12-21,Werder Bremen,Union Berlin,2,0.20109300342531122,0.24524770889760864,0.5536592876770802,2.11,3.38,3.78,2.33,3.25,3.43
2425,2024-12-22,Bochum,Heidenheim,2,0.22073522859825315,0.3558023060409758,0.42346246536077103,2.35,3.55,3.07,2.11,3.47,3.74
2425,2024-12-22,Wolfsburg,Dortmund,0,0.35585952480566446,0.27137056041561464,0.37276991477872096,3.09,3.65,2.29,3.35,3.76,2.15
2425,2025-01-10,Dortmund,Leverkusen,0,0.42702685167666565,0.12805559795060403,0.44491755037273023,2.92,3.6,2.43,3.88,3.82,1.96
2425,2025-01-11,Freiburg,Kiel,2,0.18001318268802274,0.21543771642281528,0.604549100889162,1.4,5.21,7.67,1.46,5.04,6.73
2425,2025-01-11,Heidenheim,Union Berlin,2,0.3734080922395801,0.19498002876411435,0.43161187899630554,3.24,3.29,2.38,3.25,3.46,2.32
2425,2025-01-11,Hoffenheim,Wolfsburg,0,0.3256100679361393,0.25845697270119905,0.4159329593626617,2.44,3.45,3.0,2.36,3.48,3.15
2425,2025-01-11,M'gladbach,Bayern Munich,0,0.5987277508767095,0.20105437663637246,0.20021787248691808,7.2,5.47,1.4,8.68,5.86,1.34
2425,2025-01-11,Mainz,Bochum,2,0.13605910880816108,0.2638426257486913,0.6000982654431476,1.57,4.38,5.81,1.68,3.97,5.47
2425,2025-01-11,St Pauli,Ein Frankfurt,0,0.5100358011544541,0.1836311783277617,0.3063330205177842,3.8,3.4,2.1,3.58,3.43,2.18
2425,2025-01-12,Augsburg,Stuttgart,0,0.5782041382361722,0.20799817336331244,0.21379768840051525,3.76,3.71,2.0,4.15,3.69,1.93
2425,2025-01-12,RB Leipzig,Werder Bremen,2,0.14699897799775352,0.1343799558929045,0.7186210661093421,1.76,4.18,4.34,1.91,3.85,4.06
2425,2025-01-14,Ein Frankfurt,Freiburg,2,0.19676992441653635,0.2699228016764389,0.5333072739070247,1.72,4.19,4.77,1.7,4.13,5.03
2425,2025-01-14,Kiel,Dortmund,2,0.6043861852946814,0.18913456508548462,0.20647924961983405,5.52,4.77,1.56,6.9,4.8,1.48
2425,2025-01-14,Leverkusen,Mainz,2,0.16734504042370815,0.17123531487909,0.6614196446972019,1.38,5.26,8.51,1.37,5.25,8.81
2425,2025-01-14,Wolfsburg,M'gladbach,2,0.19977901583372706,0.31328407231493377,0.4869369118513393,1.95,3.86,3.87,1.9,3.81,4.14
2425,2025-01-15,Bayern Munich,Hoffenheim,2,0.0943135304060861,0.167709937564003,0.737976532029911,1.12,11.23,17.9,1.1,11.74,25.84
2425,2025-01-15,Bochum,St Pauli,2,0.20960363984126695,0.317271991175108,0.473124368983625,2.64,3.28,2.87,2.56,3.26,3.03
2425,2025-01-15,Stuttgart,RB Leipzig,2,0.28912090023232656,0.2863669497007892,0.4245121500668843,2.01,3.81,3.63,2.01,3.88,3.64
2425,2025-01-15,Union Berlin,Augsburg,0,0.21714589319917907,0.25744746589391476,0.5254066409069063,1.84,3.56,4.74,2.2,3.33,3.65
2425,2025-01-15,Werder Bremen,Heidenheim,1,0.1403261208842736,0.2817150081706283,0.5779588709450981,1.64,4.42,4.97,1.76,4.08,4.58
2425,2025-01-17,Ein Frankfurt,Dortmund,2,0.3596079689568598,0.2593626621014593,0.3810293689416808,2.61,3.64,2.71,2.89,3.58,2.49
2425,2025-01-18,Bayern Munich,Wolfsburg,2,0.10105441467164897,0.13629401907037253,0.7626515662579785,1.17,8.66,14.14,1.14,9.0,21.0
2425,2025-01-18,Bochum,RB Leipzig,1,0.5843358207867528,0.12891742014453653,0.2867467590687107,3.71,3.75,2.01,3.39,3.51,2.23
2425,2025-01-18,Heidenheim,St Pauli,0,0.20337263853916593,0.2703736841845327,0.5262536772763013,2.43,3.5,2.97,2.41,3.46,3.09
2425,2025-01-18,Kiel,Hoffenheim,0,0.287984527497504,0.2853279140673957,0.4266875584351003,2.94,3.63,2.39,2.99,3.53,2.44
2425,2025-01-18,Leverkusen,M'gladbach,2,0.15392122042939074,0.11090467549820937,0.7351741040723999,1.27,6.29,9.26,1.26,6.52,11.25
2425,2025-01-18,Stuttgart,Freiburg,2,0.14952028737582107,0.25829527633186,0.592184436292319,1.67,4.39,4.78,1.61,4.37,5.54
2425,2025-01-19,Union Berlin,Mainz,2,0.4300006956568293,0.17978559428539242,0.3902137100577782,2.63,3.2,2.94,2.86,3.15,2.78
2425,2025-01-19,Werder Bremen,Augsburg,0,0.11780699696492734,0.28259790662154133,0.5995950964135313,1.88,3.79,4.19,1.91,3.73,4.2
2425,2025-01-24,Wolfsburg,Kiel,1,0.1678942390679614,0.22056387680048317,0.6115418841315555,1.44,5.08,7.11,1.47,4.94,6.39
2425,2025-01-25,Augsburg,Heidenheim,2,0.33661568506902134,0.36240793968289275,0.3009763752480859,1.91,3.65,4.22,2.01,3.56,3.98
2425,2025-01-25,Dortmund,Werder Bremen,1,0.13136857066459878,0.10264598111151982,0.7659854482238814,1.63,4.44,5.03,1.52,4.8,6.0
2425,2025-01-25,Freiburg,Bayern Munich,0,0.5925617042700045,0.2088109589532755,0.19862733677671998,8.98,5.78,1.33,13.24,6.82,1.23
2425,2025-01-25,M'gladbach,Bochum,2,0.19274095807241937,0.2107543751993042,0.5965046667282764,1.72,4.12,4.66,1.77,4.09,4.52
2425,2025-01-25,Mainz,Stuttgart,2,0.39459260390565043,0.2205868826150206,0.3848205134793291,2.88,3.55,2.47,3.38,3.46,2.26
2425,2025-01-25,RB Leipzig,Leverkusen,1,0.3535123680935246,0.1847910112693334,0.461696620637142,3.79,4.03,1.92,3.63,3.54,2.13
2425,2025-01-26,Hoffenheim,Ein Frankfurt,1,0.48539790233839675,0.14857645665781188,0.36602564100379137,3.16,3.58,2.29,3.43,3.88,2.09
2425,2025-01-26,St Pauli,Union Berlin,2,0.3070992121498577,0.23167745047634544,0.4612233373737968,2.53,3.15,3.12,2.39,3.2,3.37
2425,2025-01-31,Werder Bremen,Mainz,2,0.3081036436154101,0.2939693500481639,0.39792700633642597,2.35,3.46,3.19,2.4,3.45,3.13
2425,2025-02-01,Bayern Munich,Kiel,2,0.10985859708767953,0.1927400082636696,0.6974013946486508,1.05,17.7,41.8,1.04,18.0,51.0
2425,2025-02-01,Bochum,Freiburg,0,0.31894344414851866,0.23443169868142583,0.44662485717005546,2.88,3.42,2.54,2.74,3.35,2.74
2425,2025-02-01,Heidenheim,Dortmund,0,0.49341692111543295,0.28179965005772617,0.22478342882684085,4.49,4.04,1.76,4.82,4.11,1.72
2425,2025-02-01,St Pauli,Augsburg,1,0.29703008788303875,0.1830346947841763,0.5199352173327849,2.38,3.2,3.32,2.15,3.32,3.83
2425,2025-02-01,Stuttgart,M'gladbach,0,0.1736292997015769,0.2171983620035046,0.6091723382949186,1.58,4.65,5.2,1.68,4.31,4.94
2425,2025-02-01,Union Berlin,RB Leipzig,1,0.5173795750866644,0.165179150883223,0.31744127403011246,3.2,3.52,2.29,2.96,3.47,2.49
2425,2025-02-02,Ein Frankfurt,Wolfsburg,1,0.17311173702827687,0.20283943966365547,0.6240488233080677,1.99,3.8,3.72,2.11,3.58,3.63
2425,2025-02-02,Leverkusen,Hoffenheim,2,0.11637536303589174,0.12897948721076247,0.7546451497533458,1.23,7.29,10.7,1.14,9.66,18.88
2425,2025-02-07,Bayern Munich,Werder Bremen,2,0.08299524843379351,0.13719143951651416,0.7798133120496924,1.09,12.89,20.27,1.1,12.94,20.92
2425,2025-02-08,Dortmund,Stuttgart,0,0.2807395658543412,0.1320420194393419,0.5872184147063169,1.88,3.93,3.98,2.0,3.95,3.62
2425,2025-02-08,Freiburg,Heidenheim,2,0.19893075000614072,0.3325364611766998,0.4685327888171595,1.74,3.99,4.77,1.71,3.81,5.41
2425,2025-02-08,Hoffenheim,Union Berlin,0,0.3075974866119193,0.23723155446334668,0.4551709589247341,2.26,3.6,3.2,2.38,3.57,3.06
2425,2025-02-08,M'gladbach,Ein Frankfurt,1,0.44405277197871523,0.24726632198156406,0.30868090603972065,2.62,3.7,2.63,2.59,3.73,2.68
2425,2025-02-08,Mainz,Augsburg,1,0.10774499417561452,0.18851541096822214,0.7037395948561633,1.78,3.72,4.88,1.83,3.6,4.87
2425,2025-02-08,Wolfsburg,Leverkusen,1,0.5061060310683901,0.15664727484769891,0.33724669408391095,4.3,3.86,1.84,3.72,3.38,2.16
2425,2025-02-09,Kiel,Bochum,1,0.24880148041905423,0.23687527715794196,0.5143232424230038,2.31,3.54,3.15,2.4,3.49,3.09
2425,2025-02-09,RB Leipzig,St Pauli,2,0.10988993741404413,0.14066495730695597,0.7494451052789999,1.57,4.39,5.81,1.66,4.11,5.36
2425,2025-02-14,Augsburg,RB Leipzig,1,0.5705463470212939,0.18867580995058414,0.24077784302812194,3.02,3.41,2.48,3.09,3.4,2.44
2425,2025-02-15,Bochum,Dortmund,2,0.5561972906679008,0.21726384437636814,0.22653886495573108,4.98,4.27,1.66,5.77,4.48,1.57
2425,2025-02-15,Leverkusen,Bayern Munich,1,0.2870802313398938,0.3143553360391745,0.3985644326209317,3.08,3.71,2.27,3.11,3.56,2.35
2425,2025-02-15,St Pauli,Freiburg,0,0.3940184669825051,0.25843259604752783,0.34754893696996725,2.6,3.25,2.94,2.59,3.1,3.14
2425,2025-02-15,Stuttgart,Wolfsburg,0,0.1654998318285285,0.21344236990199478,0.6210577982694767,1.76,4.24,4.32,1.57,4.61,5.63
2425,2025-02-15,Union Berlin,M'gladbach,0,0.2952281575318975,0.36563952867602545,0.33913231379207703,2.28,3.57,3.18,2.16,3.59,3.48
2425,2025-02-16,Ein Frankfurt,Kiel,2,0.15339168138934975,0.16971326261849373,0.6768950559921566,1.34,5.94,8.04,1.34,5.71,8.82
2425,2025-02-16,Heidenheim,Mainz,0,0.4865766473685533,0.16306180656841368,0.3503615460630331,3.69,3.53,2.08,3.8,3.44,2.1
2425,2025-02-16,Werder Bremen,Hoffenheim,0,0.22377716452061516,0.4405721845338881,0.3356506509454968,1.9,4.04,3.8,1.88,3.88,4.2
2425,2025-02-21,Freiburg,Werder Bremen,2,0.304213583305249,0.17077193858661502,0.525014478108136,2.09,3.45,3.84,2.02,3.49,4.03
2425,2025-02-22,Dortmund,Union Berlin,2,0.14993038308208856,0.18120137266073047,0.6688682442571809,1.57,4.52,5.55,1.52,4.59,6.34
2425,2025-02-22,Kiel,Leverkusen,0,0.580964832412241,0.15675889205851126,0.2622762755292477,10.87,6.67,1.25,15.26,7.32,1.2
2425,2025-02-22,M'gladbach,Augsburg,0,0.33527473620714104,0.2035389258699492,0.4611863379229096,1.83,3.82,4.4,1.97,3.58,4.12
2425,2025-02-22,Mainz,St Pauli,2,0.11258820475007993,0.17127574892773356,0.7161360463221865,1.79,3.66,4.88,1.74,3.7,5.36
2425,2025-02-22,Wolfsburg,Bochum,1,0.22176342069120508,0.23404909989567743,0.5441874794131174,1.56,4.53,5.71,1.66,4.35,5.0
2425,2025-02-23,Bayern Munich,Ein Frankfurt,2,0.1509406759277304,0.10158095175913805,0.7474783723131316,1.3,6.5,8.28,1.26,6.85,10.75
2425,2025-02-23,Hoffenheim,Stuttgart,1,0.5348258302294404,0.19511983532839763,0.2700543344421621,3.63,3.96,1.97,3.43,3.94,2.07
2425,2025-02-23,RB Leipzig,Heidenheim,1,0.13285493478664026,0.21850500255304933,0.6486400626603104,1.35,5.61,8.22,1.31,5.91,10.15
2425,2025-02-28,Stuttgart,Bayern Munich,0,0.44767346923082,0.2742558262492222,0.27807070451995786,4.94,4.37,1.67,4.45,4.18,1.76
2425,2025-03-01,Bochum,Hoffenheim,0,0.31752764385034665,0.44842326786579384,0.23404908828385942,2.47,3.56,2.88,2.41,3.55,3.01
2425,2025-03-01,Ein Frankfurt,Leverkusen,0,0.48413566348965403,0.12785461419098856,0.3880097223193574,4.72,3.92,1.76,4.16,3.93,1.87
2425,2025-03-01,Heidenheim,M'gladbach,0,0.4229421832411105,0.22148946394399874,0.35556835281489085,3.1,3.62,2.3,2.73,3.43,2.7
2425,2025-03-01,RB Leipzig,Mainz,0,0.18616031388317628,0.19702261727593584,0.6168170688408878,2.02,3.76,3.66,1.93,3.76,4.07
2425,2025-03-01,St Pauli,Dortmund,0,0.48550798856887484,0.22868641138054244,0.2858056000505828,4.31,3.73,1.87,4.39,3.71,1.88
2425,2025-03-01,Werder Bremen,Wolfsburg,0,0.31929826523426,0.31572936195807894,0.364972372807661,2.72,3.55,2.61,3.13,3.52,2.36
2425,2025-03-02,Augsburg,Freiburg,1,0.3094110617370743,0.3294956788380498,0.3610932594248759,2.71,3.13,2.91,2.54,3.11,3.21
2425,2025-03-02,Union Berlin,Kiel,0,0.27473718488674836,0.24984478647273267,0.475418028640519,1.62,4.25,5.45,1.57,4.36,6.0
2425,2025-03-07,M'gladbach,Mainz,0,0.44870451114104437,0.21278694982030055,0.338508539038655,2.65,3.43,2.74,2.73,3.5,2.67
2425,2025-03-08,Bayern Munich,Bochum,0,0.07674111581991272,0.13260906679070858,0.7906498173893787,1.11,12.4,17.74,1.17,8.25,17.0
2425,2025-03-08,Dortmund,Augsburg,0,0.11120964335734104,0.10621281351910462,0.7825775431235542,1.55,4.42,6.05,1.41,4.87,8.32
2425,2025-03-08,Freiburg,RB Leipzig,1,0.3573094882537408,0.23379398520705438,0.4088965265392047,2.66,3.32,2.81,2.56,3.37,2.94
2425,2025-03-08,Kiel,Stuttgart,1,0.5079769138513502,0.2666825037173537,0.22534058243129612,5.89,4.71,1.52,6.23,4.82,1.51
2425,2025-03-08,Leverkusen,Werder Bremen,0,0.14957142317406932,0.13962859029486974,0.7107999865310609,1.27,6.39,10.17,1.33,5.74,9.49
2425,2025-03-08,Wolfsburg,St Pauli,1,0.13304524605923007,0.17637907722410817,0.6905756767166618,1.78,3.75,4.85,1.85,3.56,4.76
2425,2025-03-09,Ein Frankfurt,Union Berlin,0,0.1596252108944364,0.18713400044175268,0.6532407886638109,1.77,4.13,4.39,1.99,3.67,3.95
2425,2025-03-09,Hoffenheim,Heidenheim,1,0.18855205232035543,0.2793367236272704,0.5321112240523741,1.78,4.03,4.41,1.93,3.85,3.96
2425,2025-03-14,St Pauli,Hoffenheim,2,0.39490295082668486,0.21947583502175,0.3856212141515653,2.31,3.3,3.37,2.35,3.22,3.44
2425,2025-03-15,Augsburg,Wolfsburg,2,0.35107484235107067,0.26315376941424135,0.3857713882346879,2.63,3.29,2.87,2.48,3.28,3.13
2425,2025-03-15,Mainz,Freiburg,1,0.16492432101229104,0.25097503405287735,0.5841006449348316,2.02,3.45,4.0,1.86,3.54,4.74
2425,2025-03-15,RB Leipzig,Dortmund,2,0.24674305647060527,0.24853797716553921,0.5047189663638556,2.43,3.68,2.87,2.8,3.64,2.52
2425,2025-03-15,Union Berlin,Bayern Munich,1,0.6309421705360441,0.1874962076535906,0.18156162181036536,9.0,5.36,1.35,9.31,5.42,1.34
2425,2025-03-15,Werder Bremen,M'gladbach,0,0.2775482528959947,0.34637601080182856,0.37607573630217667,2.42,3.68,2.87,2.24,3.78,3.15
2425,2025-03-16,Bochum,Ein Frankfurt,0,0.4130522311875491,0.2230590403140818,0.3638887284983691,3.13,3.66,2.27,2.73,3.54,2.64
2425,2025-03-16,Heidenheim,Kiel,2,0.2381571613372923,0.2540577685370194,0.5077850701256883,2.03,3.66,3.72,2.05,3.63,3.77
2425,2025-03-16,Stuttgart,Leverkusen,0,0.4464385598418252,0.19494232777347462,0.3586191123847003,3.09,3.6,2.32,3.34,3.45,2.28
2425,2025-03-28,Leverkusen,Bochum,2,0.06749274855062666,0.1417095915426031,0.7907976599067703,1.23,6.93,11.71,1.23,7.02,12.77
2425,2025-03-29,Bayern Munich,St Pauli,2,0.11386211846666222,0.19187313616768095,0.6942647453656569,1.15,9.41,16.44,1.12,9.5,26.0
2425,2025-03-29,Ein Frankfurt,Stuttgart,2,0.284881290603865,0.2799878606847443,0.43513084871139074,2.6,3.67,2.66,2.58,3.79,2.67
2425,2025-03-29,Hoffenheim,Augsburg,1,0.2674170828552643,0.2054170371126495,0.5271658800320863,2.43,3.29,3.15,2.36,3.43,3.19
2425,2025-03-29,Kiel,Werder Bremen,0,0.28569245842365354,0.33911814007516544,0.37518940150118113,3.42,3.85,2.08,3.18,3.74,2.24
2425,2025-03-29,M'gladbach,RB Leipzig,2,0.3711079333109529,0.31741033515966116,0.31148173152938596,2.94,3.58,2.41,3.01,3.71,2.35
2425,2025-03-29,Wolfsburg,Heidenheim,0,0.1581159799136048,0.2434477191845551,0.5984363009018401,1.66,4.12,5.22,1.72,4.05,4.98
2425,2025-03-30,Dortmund,Mainz,2,0.3483992641097334,0.12298346087855795,0.5286172750117087,1.67,4.17,5.07,1.67,4.24,5.02
2425,2025-03-30,Freiburg,Union Berlin,0,0.19079276485261998,0.19105804666090187,0.6181491884864782,2.02,3.43,4.05,1.96,3.48,4.3
2425,2025-04-04,Augsburg,Bayern Munich,0,0.6747943621100275,0.14652155603835232,0.17868408185162019,7.61,5.01,1.43,7.76,5.12,1.41
2425,2025-04-05,Bochum,Stuttgart,0,0.5249807065652572,0.22548796429782011,0.24953132913692272,3.2,3.8,2.18,2.53,3.46,2.91
2425,2025-04-05,Freiburg,Dortmund,0,0.37130976277353867,0.23601823156959015,0.39267200565687116,3.1,3.61,2.31,3.42,3.68,2.15
2425,2025-04-05,Heidenheim,Leverkusen,0,0.646747150011531,0.14491142129830653,0.20834142869016248,6.78,4.84,1.46,6.09,4.55,1.52
2425,2025-04-05,Mainz,Kiel,1,0.09864202385683357,0.21295849090523894,0.6883994852379275,1.43,5.01,7.05,1.44,5.07,7.16
2425,2025-04-05,RB Leipzig,Hoffenheim,2,0.10952817003789288,0.13129064603248014,0.759181183929627,1.58,4.55,5.43,1.72,4.29,4.65
2425,2025-04-05,Werder Bremen,Ein Frankfurt,2,0.4346240869287206,0.2089173012513848,0.3564586118198945,2.65,3.73,2.58,2.34,3.71,3.03
2425,2025-04-06,St Pauli,M'gladbach,1,0.44514773905550953,0.2528180386073533,0.30203422233713706,2.52,3.45,2.89,2.3,3.61,3.16
2425,2025-04-06,Union Berlin,Wolfsburg,2,0.28153179129502776,0.33360197638277095,0.38486623232220135,2.49,3.32,3.02,2.31,3.4,3.33
2425,2025-04-11,Wolfsburg,RB Leipzig,0,0.2689392963779255,0.3367410559106922,0.39431964771138234,3.0,3.71,2.36,2.75,3.75,2.51
2425,2025-04-12,Bayern Munich,Dortmund,1,0.16636266764296873,0.1576035609156681,0.6760337714413632,1.43,5.36,6.51,1.44,5.35,6.6
2425,2025-04-12,Bochum,Augsburg,0,0.347512119512034,0.20457675933093947,0.4479111211570264,2.5,3.35,3.0,2.37,3.35,3.26
2425,2025-04-12,Hoffenheim,Mainz,2,0.4398157323016503,0.180226024852207,0.37995824284614266,2.69,3.5,2.66,2.46,3.48,3.0
2425,2025-04-12,Kiel,St Pauli,0,0.2397803386080492,0.24008665139707291,0.5201330099948779,3.28,3.42,2.29,3.59,3.5,2.16
2425,2025-04-12,Leverkusen,Union Berlin,1,0.15519331110102166,0.15307859519419617,0.6917280937047823,1.34,5.61,8.99,1.38,5.12,8.87
2425,2025-04-12,M'gladbach,Freiburg,0,0.3255686808720626,0.36104475597391905,0.3133865631540183,2.19,3.71,3.26,2.29,3.8,3.06
2425,2025-04-13,Ein Frankfurt,Heidenheim,2,0.1597350221641473,0.23382741244115293,0.6064375653946997,1.75,4.18,4.43,1.76,4.06,4.62
2425,2025-04-13,Stuttgart,Werder Bremen,0,0.1676011642022921,0.2360870012440677,0.5963118345536402,1.67,4.62,4.53,1.75,4.31,4.44
2425,2025-04-19,Freiburg,Hoffenheim,2,0.4659770483686171,0.25991301730668576,0.27410993432469716,1.96,3.75,3.85,1.94,3.8,4.0
2425,2025-04-19,Heidenheim,Bayern Munich,0,0.645244568874837,0.19221205166330765,0.16254337946185532,9.06,6.38,1.29,9.59,6.57,1.27
2425,2025-04-19,Mainz,Wolfsburg,1,0.18106355274790864,0.20955011230240833,0.6093863349496831,2.05,3.72,3.6,2.03,3.73,3.73
2425,2025-04-19,RB Leipzig,Kiel,1,0.09493422239815134,0.1924186450382277,0.7126471325636209,1.31,6.22,8.55,1.48,5.21,6.11
2425,2025-04-19,Union Berlin,Stuttgart,1,0.4481697760356101,0.22854048131953206,0.3232897426448579,2.87,3.43,2.54,3.2,3.5,2.32
2425,2025-04-19,Werder Bremen,Bochum,2,0.16046779807311096,0.28988981015939014,0.5496423917674989,1.74,4.19,4.49,1.63,4.48,5.12
2425,2025-04-20,Augsburg,Ein Frankfurt,1,0.29271621398154735,0.3102384950609485,0.39704529095750424,2.63,3.44,2.77,2.62,3.46,2.8
2425,2025-04-20,Dortmund,M'gladbach,2,0.14967707956768883,0.10560811399378403,0.7447148064385273,1.43,5.46,6.47,1.37,5.91,7.62
2425,2025-04-20,St Pauli,Leverkusen,1,0.6117955212778404,0.14364011938173069,0.24456435934042894,5.42,3.93,1.67,5.08,3.93,1.72
2425,2025-04-25,Stuttgart,Heidenheim,0,0.13755907683196447,0.28585524443542826,0.5765856787326072,1.51,4.97,5.99,1.51,4.86,6.06
2425,2025-04-26,Bayern Munich,Mainz,2,0.10860465381754701,0.12151923776020232,0.7698761084222505,1.22,7.3,11.15,1.24,7.26,11.09
2425,2025-04-26,Ein Frankfurt,RB Leipzig,2,0.24433093471822454,0.2932857975541027,0.46238326772767285,2.17,3.92,3.15,2.06,3.91,3.48
2425,2025-04-26,Hoffenheim,Dortmund,0,0.37170293923475795,0.3467634024107745,0.28153365835446753,4.3,4.37,1.74,4.01,4.08,1.87
2425,2025-04-26,Kiel,M'gladbach,2,0.4741240991011445,0.1772292244748495,0.3486466764240059,3.18,3.9,2.16,2.51,3.83,2.72
2425,2025-04-26,Leverkusen,Augsburg,2,0.08102383866207953,0.10011610874863908,0.8188600525892814,1.37,5.23,8.61,1.47,4.77,6.41
2425,2025-04-26,Wolfsburg,Freiburg,0,0.25146194148457235,0.23583484635813595,0.5127032121572916,2.4,3.67,2.91,2.37,3.69,2.98
2425,2025-04-27,Bochum,Union Berlin,1,0.3522457349888001,0.20605615864637888,0.44169810636482104,2.36,3.5,3.09,2.4,3.46,3.11
2425,2025-04-27,Werder Bremen,St Pauli,1,0.15360250831399724,0.2461847611556035,0.6002127305303991,1.92,3.74,4.07,2.03,3.6,3.87
2425,2025-05-02,Heidenheim,Bochum,1,0.29221901633529623,0.29527891946405477,0.4125020642006489,2.32,3.59,3.13,2.41,3.39,3.15
2425,2025-05-03,Dortmund,Wolfsburg,2,0.188113911043991,0.16487680961378576,0.6470092793422233,1.32,6.21,7.74,1.27,6.72,9.89
2425,2025-05-03,M'gladbach,Hoffenheim,1,0.39307507567034095,0.3236254164133521,0.283299507916307,2.13,4.03,3.16,2.27,4.05,2.94
2425,2025-05-03,RB Leipzig,Bayern Munich,1,0.5170916372800666,0.23575825035638276,0.24715011236355067,4.46,4.73,1.66,4.19,4.77,1.72
2425,2025-05-03,St Pauli,Stuttgart,0,0.4559275104324142,0.256243376723966,0.28782911284361984,2.73,3.52,2.61,2.86,3.53,2.53
2425,2025-05-03,Union Berlin,Werder Bremen,1,0.3241990199992138,0.2597615807128558,0.41603939928793027,2.78,3.45,2.61,3.38,3.49,2.25
2425,2025-05-04,Augsburg,Kiel,0,0.18191539759912992,0.21847955718637532,0.5996050452144948,1.85,3.81,4.29,1.79,4.1,4.4
2425,2025-05-04,Freiburg,Leverkusen,1,0.450196999044721,0.18314281817793834,0.36666018277734064,3.14,3.51,2.33,3.23,3.62,2.27
2425,2025-05-04,Mainz,Ein Frankfurt,1,0.2472210014433871,0.22275632171123175,0.5300226768453812,2.41,3.67,2.89,2.37,3.62,3.02
2425,2025-05-09,Wolfsburg,Hoffenheim,1,0.2743479133492372,0.311089798713598,0.41456228793716493,2.3,3.77,2.99,2.98,3.62,2.4
2425,2025-05-10,Bayern Munich,M'gladbach,2,0.0906050690085701,0.12800287858976028,0.7813920524016696,1.16,10.06,12.25,1.14,9.5,16.5
2425,2025-05-10,Bochum,Mainz,0,0.48990931865460363,0.13780658421457562,0.3722840971308209,3.0,3.73,2.31,3.16,3.9,2.2
2425,2025-05-10,Kiel,Freiburg,0,0.5970202225239408,0.15225129339184668,0.25072848408421244,3.29,3.88,2.12,3.59,3.85,2.04
2425,2025-05-10,Union Berlin,Heidenheim,0,0.1908928551442292,0.3447108572217061,0.4643962876340646,2.21,3.55,3.33,2.11,3.57,3.64
2425,2025-05-10,Werder Bremen,RB Leipzig,1,0.3457614247475735,0.30616814902409417,0.34807042622833234,2.38,3.7,2.92,1.95,4.18,3.59
2425,2025-05-11,Ein Frankfurt,St Pauli,1,0.13199207693035725,0.15829734282498492,0.7097105802446579,1.52,4.61,6.18,1.57,4.34,6.03
2425,2025-05-11,Leverkusen,Dortmund,0,0.2210448338359615,0.20190028853556602,0.5770548776284725,2.66,4.08,2.43,2.59,3.89,2.6
2425,2025-05-11,Stuttgart,Augsburg,2,0.10843358905074005,0.20230876520910687,0.6892576457401531,1.56,4.54,5.67,1.53,4.78,5.84
2425,2025-05-17,Augsburg,Union Berlin,0,0.32048634293028927,0.2538193229553068,0.425694334114404,2.07,3.43,3.62,1.9,3.69,4.29
2425,2025-05-17,Dortmund,Kiel,2,0.12511611471779024,0.19939308605079592,0.6754907992314139,1.07,13.97,18.89,1.13,10.5,18.0
2425,2025-05-17,Freiburg,Ein Frankfurt,0,0.29927673160446233,0.18874156560201127,0.5119817027935264,2.38,3.77,2.74,2.38,3.68,2.98
2425,2025-05-17,Heidenheim,Werder Bremen,0,0.40189656065801616,0.244379954574106,0.3537234847678779,2.31,3.91,2.76,2.74,3.77,2.52
2425,2025-05-17,Hoffenheim,Bayern Munich,0,0.6195813704593203,0.18517232644968312,0.19524630309099666,5.05,5.25,1.5,4.5,4.61,1.67
2425,2025-05-17,M'gladbach,Wolfsburg,0,0.30833618625630316,0.2791895745500378,0.41247423919365905,2.17,4.31,2.79,2.29,4.1,2.84
2425,2025-05-17,Mainz,Leverkusen,1,0.4510877437359229,0.19933964225892029,0.3495726140051567,2.18,3.99,2.93,2.55,3.72,2.73
2425,2025-05-17,RB Leipzig,Stuttgart,0,0.27401766611696887,0.20037386822908396,0.5256084656539471,1.97,4.31,3.2,1.91,4.4,3.6
2425,2025-05-17,St Pauli,Bochum,0,0.13247861585293288,0.16959471833027456,0.6979266658167925,1.66,4.19,4.65,1.76,4.09,4.57
