season,date,home_team,away_team,m3_p_away,m3_p_draw,m3_p_home,ps_open_home,ps_open_draw,ps_open_away
2425,2024-08-23,M'gladbach,Leverkusen,0.6744176103135755,0.0770304121695613,0.24855197751686328,5.33,4.58,1.6
2425,2024-08-24,Augsburg,Werder Bremen,0.37312558940696194,0.3106308317170288,0.3162435788760092,2.32,3.55,3.11
2425,2024-08-24,Dortmund,Ein Frankfurt,0.1583874669679218,0.135697283302347,0.7059152497297312,1.71,4.4,4.48
2425,2024-08-24,Freiburg,Stuttgart,0.46164739615620803,0.24238359378577498,0.2959690100580169,3.5,3.7,2.09
2425,2024-08-24,Hoffenheim,Kiel,0.19349973256601646,0.18870897948718587,0.6177912879467976,1.64,4.38,5.07
2425,2024-08-24,Mainz,Union Berlin,0.17004284107459694,0.18121187686043114,0.648745282064972,2.08,3.24,4.1
2425,2024-08-24,RB Leipzig,Bochum,0.07386968703489151,0.14352518932126185,0.7826051236438467,1.25,6.71,10.65
2425,2024-08-25,St Pauli,Heidenheim,0.3016300735583249,0.19205728413664477,0.5063126423050304,2.13,3.5,3.59
2425,2024-08-25,Wolfsburg,Bayern Munich,0.6092103865222771,0.2072311110369594,0.18355850244076347,6.33,5.0,1.47
2425,2024-08-30,Union Berlin,St Pauli,0.20719314031620353,0.21530677956004388,0.5775000801237526,1.96,3.5,4.29
2425,2024-08-31,Bochum,M'gladbach,0.2689916562403182,0.3826092087700475,0.3483991349896343,2.66,3.73,2.57
2425,2024-08-31,Ein Frankfurt,Hoffenheim,0.3318808246551237,0.2663156810969974,0.401803494247879,1.8,4.2,4.12
2425,2024-08-31,Kiel,Wolfsburg,0.2690082241259996,0.19867306866341253,0.5323187072105879,3.26,3.69,2.19
2425,2024-08-31,Leverkusen,RB Leipzig,0.248999218000954,0.175081519583477,0.575919262415569,1.8,4.22,4.1
2425,2024-08-31,Stuttgart,Mainz,0.1919814580027217,0.20612710472060852,0.6018914372766697,1.66,4.23,5.09
2425,2024-08-31,Werder Bremen,Dortmund,0.5017095080610267,0.2354907451567278,0.2627997467822456,4.05,4.14,1.83
2425,2024-09-01,Bayern Munich,Freiburg,0.13312627745047798,0.17839713117205314,0.688476591377469,1.21,7.89,11.45
2425,2024-09-01,Heidenheim,Augsburg,0.14275067779685174,0.26592024293234734,0.5913290792708009,2.42,3.47,3.02
2425,2024-09-13,Dortmund,Heidenheim,0.13973263100797195,0.12545817338593002,0.7348091956060981,1.39,5.35,7.83
2425,2024-09-14,Freiburg,Bochum,0.17772000256810408,0.24074635326000726,0.5815336441718886,1.69,4.08,4.9
2425,2024-09-14,Hoffenheim,Leverkusen,0.5549965614255267,0.09755400148458136,0.34744943708989195,5.95,4.96,1.49
2425,2024-09-14,Kiel,Bayern Munich,0.6459167213123688,0.17412728874259462,0.1799559899450367,11.8,7.52,1.21
2425,2024-09-14,M'gladbach,Stuttgart,0.5747514473096602,0.1867339239268408,0.23851462876349902,2.84,3.96,2.31
2425,2024-09-14,RB Leipzig,Union Berlin,0.16598793141144524,0.15423729370496908,0.6797747748835857,1.48,4.69,6.64
2425,2024-09-14,Wolfsburg,Ein Frankfurt,0.2892567035072602,0.307222039116261,0.4035212573764788,2.72,3.45,2.63
2425,2024-09-15,Augsburg,St Pauli,0.32237137298920904,0.2240674753429167,0.45356115166787425,2.09,3.61,3.52
2425,2024-09-15,Mainz,Werder Bremen,0.18930246796531874,0.29654916880302323,0.514148363231658,2.04,3.66,3.61
2425,2024-09-20,Augsburg,Mainz,0.4535120370076363,0.23103066058063282,0.31545730241173076,2.42,3.6,2.97
2425,2024-09-21,Bochum,Kiel,0.2114549933370393,0.2946308176586131,0.4939141890043477,1.99,3.8,3.7
2425,2024-09-21,Ein Frankfurt,M'gladbach,0.20106220381625414,0.24371186304973136,0.5552259331340145,1.79,4.14,4.26
2425,2024-09-21,Heidenheim,Freiburg,0.25582035700711075,0.33026482389110234,0.4139148191017869,2.75,3.4,2.66
2425,2024-09-21,Union Berlin,Hoffenheim,0.33206044310314575,0.3445754274403992,0.323364129456455,2.04,3.72,3.65
2425,2024-09-21,Werder Bremen,Bayern Munich,0.5525174698312693,0.21173389150656835,0.23574863866216242,7.92,5.6,1.36
2425,2024-09-22,Leverkusen,Wolfsburg,0.2084771277461698,0.19849784280569124,0.593025029448139,1.31,5.91,9.23
2425,2024-09-22,St Pauli,RB Leipzig,0.6194244689531068,0.14683950999191767,0.23373602105497554,5.19,4.25,1.64
2425,2024-09-22,Stuttgart,Dortmund,0.3923642518753613,0.20238410983269728,0.40525163829194144,2.32,3.8,2.94
2425,2024-09-27,Dortmund,Bochum,0.09842594240029895,0.13979074796166757,0.7617833096380335,1.24,7.21,11.22
2425,2024-09-28,Bayern Munich,Leverkusen,0.3742621839621221,0.13699975210101037,0.4887380639368677,1.74,4.34,4.36
2425,2024-09-28,Freiburg,St Pauli,0.1495509863004356,0.1653601067018035,0.685088906997761,1.62,4.15,5.59
2425,2024-09-28,M'gladbach,Union Berlin,0.3600075431287599,0.16699892827208923,0.47299352859915084,2.13,3.54,3.54
2425,2024-09-28,Mainz,Heidenheim,0.15696221649565004,0.28384058279887353,0.5591972007054764,1.86,3.82,4.21
2425,2024-09-28,RB Leipzig,Augsburg,0.089909055803227,0.14715905992349387,0.7629318842732791,1.4,5.4,7.14
2425,2024-09-28,Wolfsburg,Stuttgart,0.497476266544084,0.24181538266029362,0.2607083507956224,3.35,3.89,2.09
2425,2024-09-29,Hoffenheim,Werder Bremen,0.3394324470907558,0.21468448858095662,0.44588306432828756,2.4,3.78,2.84
2425,2024-09-29,Kiel,Ein Frankfurt,0.4391605485571152,0.19482809446303928,0.36601135697984544,4.5,4.22,1.73
2425,2024-10-04,Augsburg,M'gladbach,0.31194916800479294,0.3463204759949223,0.34173035600028473,2.46,3.78,2.81
2425,2024-10-05,Bochum,Wolfsburg,0.22980910312853972,0.2850773131503384,0.4851135837211219,3.07,3.78,2.25
2425,2024-10-05,Leverkusen,Kiel,0.1136869887982126,0.20464330013138085,0.6816697110704064,1.08,13.45,25.93
2425,2024-10-05,St Pauli,Mainz,0.39542666317070313,0.19996905521416253,0.4046042816151343,2.46,3.42,2.99
2425,2024-10-05,Union Berlin,Dortmund,0.49074423382596155,0.20203615671379638,0.30721960946024207,3.43,3.52,2.18
2425,2024-10-05,Werder Bremen,Freiburg,0.25511546514335576,0.3844704296481071,0.3604141052085372,2.67,3.61,2.62
2425,2024-10-06,Ein Frankfurt,Bayern Munich,0.4734054156708371,0.23282073953996368,0.29377384478919927,5.72,4.85,1.52
2425,2024-10-06,Heidenheim,RB Leipzig,0.4575944114230151,0.20325552902716335,0.33915005954982175,4.77,4.18,1.7
2425,2024-10-06,Stuttgart,Hoffenheim,0.183719823259118,0.24856634278394488,0.5677138339569371,1.3,6.4,8.25
2425,2024-10-18,Dortmund,St Pauli,0.14788459960854158,0.2048387753636911,0.6472766250277674,1.31,5.95,10.18
2425,2024-10-19,Bayern Munich,Stuttgart,0.1711287503353536,0.11723312896771905,0.7116381206969273,1.36,5.88,7.55
2425,2024-10-19,Freiburg,Augsburg,0.1513509463254077,0.27402370455159,0.5746253491230024,1.74,3.87,4.93
2425,2024-10-19,Hoffenheim,Bochum,0.20039930250914675,0.22116059243797948,0.5784401050528737,1.7,4.47,4.45
2425,2024-10-19,Leverkusen,Ein Frankfurt,0.15859521329133347,0.15044622088607232,0.6909585658225942,1.45,5.18,6.35
2425,2024-10-19,M'gladbach,Heidenheim,0.3709217790422911,0.276118360003611,0.35295986095409787,1.83,3.77,4.44
2425,2024-10-19,Mainz,RB Leipzig,0.34503180168918446,0.21134005369362246,0.443628144617193,4.27,3.71,1.88
2425,2024-10-20,Kiel,Union Berlin,0.2596173099193217,0.206820888108431,0.5335618019722473,3.48,3.43,2.2
2425,2024-10-20,Wolfsburg,Werder Bremen,0.24286770909885902,0.2877732216283039,0.469359069272837,2.09,3.66,3.55
2425,2024-10-25,Mainz,M'gladbach,0.21879179266598842,0.3127989468449955,0.4684092604890161,2.39,3.79,2.89
2425,2024-10-26,Augsburg,Dortmund,0.6742859210409505,0.16782141016886531,0.1578926687901841,3.83,3.92,1.93
2425,2024-10-26,RB Leipzig,Freiburg,0.17355072024710697,0.2019707512800356,0.6244785284728575,1.75,4.11,4.55
2425,2024-10-26,St Pauli,Wolfsburg,0.3223375182507633,0.18966009715535764,0.4880023845938791,2.66,3.47,2.71
2425,2024-10-26,Stuttgart,Kiel,0.11283015253857939,0.21867052000199141,0.6684993274594293,1.23,7.21,11.08
2425,2024-10-26,Werder Bremen,Leverkusen,0.5592220372463914,0.13289655982467577,0.30788140292893296,5.84,4.9,1.51
2425,2024-10-27,Bochum,Bayern Munich,0.6488664162103461,0.13980084219425642,0.21133274159539753,14.33,9.86,1.15
2425,2024-10-27,Heidenheim,Hoffenheim,0.378604763973006,0.2695723904937946,0.3518228455331994,2.32,3.68,3.03
2425,2024-10-27,Union Berlin,Ein Frankfurt,0.2449324293851431,0.30306537243997556,0.4520021981748813,2.63,3.32,2.84
2425,2024-11-01,Leverkusen,Stuttgart,0.22585128774340577,0.19414900350247719,0.5799997087541171,1.57,4.87,5.29
2425,2024-11-02,Bayern Munich,Union Berlin,0.08872479279534719,0.10021249222864624,0.8110627149760065,1.17,8.24,15.58
2425,2024-11-02,Dortmund,RB Leipzig,0.3397421707107474,0.21221846934490227,0.4480393599443503,2.25,3.69,3.15
2425,2024-11-02,Ein Frankfurt,Bochum,0.18176423954112117,0.20595683214185947,0.6122789283170195,1.34,6.0,7.96
2425,2024-11-02,Hoffenheim,St Pauli,0.20837815156330508,0.2514453585535739,0.5401764898831211,1.88,3.9,4.02
2425,2024-11-02,Kiel,Heidenheim,0.2641201101136869,0.2824703547383644,0.4534095351479488,2.82,3.52,2.54
2425,2024-11-02,Wolfsburg,Augsburg,0.18676410442171712,0.2502855304393157,0.5629503651389671,2.01,3.86,3.59
2425,2024-11-03,Freiburg,Mainz,0.3117315140602795,0.21277645476889423,0.4754920311708263,1.7,3.9,5.21
2425,2024-11-03,M'gladbach,Werder Bremen,0.5001994186006592,0.18120043429642324,0.31860014710291756,2.14,3.89,3.22
2425,2024-11-08,Union Berlin,Freiburg,0.27897312659015505,0.24752259403655857,0.47350427937328643,2.55,3.19,3.11
2425,2024-11-09,Bochum,Leverkusen,0.6130917278694211,0.10663767351828182,0.2802705986122969,10.94,6.8,1.24
2425,2024-11-09,Mainz,Dortmund,0.4151691112482974,0.28094510663978034,0.30388578211192213,3.48,3.74,2.08
2425,2024-11-09,RB Leipzig,M'gladbach,0.16285577434469234,0.1451381181701209,0.6920061074851867,1.6,4.67,5.11
2425,2024-11-09,St Pauli,Bayern Munich,0.6435707915537668,0.1734948691520072,0.182934339294226,12.45,7.14,1.22
2425,2024-11-09,Werder Bremen,Kiel,0.134431969213947,0.24526462669862065,0.6203034040874323,1.64,4.29,5.15
2425,2024-11-10,Augsburg,Hoffenheim,0.4595394073925715,0.2706737544984471,0.2697868381089813,2.11,3.85,3.33
2425,2024-11-10,Heidenheim,Wolfsburg,0.2507625032565035,0.25517093823598785,0.49406655850750875,2.91,3.27,2.61
2425,2024-11-10,Stuttgart,Ein Frankfurt,0.19279819395215625,0.23955188203051955,0.5676499240173242,1.93,4.05,3.72
2425,2024-11-22,Bayern Munich,Augsburg,0.07628222782773374,0.11915953763724627,0.8045582345350201,1.12,11.15,21.63
2425,2024-11-23,Dortmund,Freiburg,0.1652841557962478,0.1776752729797249,0.6570405712240274,1.69,4.18,4.86
2425,2024-11-23,Ein Frankfurt,Werder Bremen,0.19995158150604259,0.20010095719026288,0.5999474613036945,1.71,4.24,4.59
2425,2024-11-23,Hoffenheim,RB Leipzig,0.569144154076421,0.14852431809300115,0.28233152783057786,3.49,3.7,2.09
2425,2024-11-23,Leverkusen,Heidenheim,0.15733614944953453,0.20788785157983458,0.634775998970631,1.19,8.07,13.4
2425,2024-11-23,Stuttgart,Bochum,0.11047708769684782,0.14809884050863106,0.7414240717945212,1.33,6.24,7.44
2425,2024-11-23,Wolfsburg,Union Berlin,0.30351170117560405,0.1890661755262195,0.5074221232981764,2.37,3.28,3.27
2425,2024-11-24,Kiel,Mainz,0.42994619846850207,0.2548746785126561,0.3151791230188418,3.15,3.49,2.33
2425,2024-11-24,M'gladbach,St Pauli,0.2036981864050909,0.21162267893534842,0.5846791346595607,1.83,3.77,4.49
2425,2024-11-29,St Pauli,Kiel,0.29545648357022847,0.23343150647932973,0.4711120099504419,1.71,3.83,5.22
2425,2024-11-30,Augsburg,Bochum,0.2164015840383629,0.24239351526132602,0.5412049007003111,1.72,3.99,4.88
2425,2024-11-30,Dortmund,Bayern Munich,0.4631489788637806,0.26163051204170895,0.27522050909451057,4.67,4.38,1.68
2425,2024-11-30,Freiburg,M'gladbach,0.3038491369355112,0.2812556809627406,0.4148951821017481,2.01,3.78,3.69
2425,2024-11-30,RB Leipzig,Wolfsburg,0.13777029614748085,0.19250079329555542,0.6697289105569637,1.7,4.17,4.8
2425,2024-11-30,Union Berlin,Leverkusen,0.5352627758920941,0.1232205425019508,0.341516681605955,4.72,3.84,1.78
2425,2024-11-30,Werder Bremen,Stuttgart,0.4406167942634065,0.22163556351258873,0.33774764222400466,3.02,3.75,2.3
2425,2024-12-01,Heidenheim,Ein Frankfurt,0.5243881922545213,0.16967193430735686,0.30593987343812173,3.85,3.73,1.97
2425,2024-12-01,Mainz,Hoffenheim,0.386614512104094,0.28140891574000837,0.33197657215589776,2.08,3.7,3.53
2425,2024-12-06,Stuttgart,Union Berlin,0.15463471733115047,0.17300490268336385,0.6723603799854857,1.84,3.61,4.78
2425,2024-12-07,Bayern Munich,Heidenheim,0.12435184879658029,0.1445564423865335,0.7310917088168862,1.09,14.33,22.78
2425,2024-12-07,Bochum,Werder Bremen,0.44269172159203746,0.21518426201558263,0.34212401639238,3.21,3.59,2.25
2425,2024-12-07,Ein Frankfurt,Augsburg,0.12521678669482295,0.21643076979644932,0.6583524435087277,1.56,4.43,5.91
2425,2024-12-07,Kiel,RB Leipzig,0.5888262025646117,0.14956812737553668,0.26160567005985164,5.49,4.42,1.59
2425,2024-12-07,Leverkusen,St Pauli,0.12287307095125392,0.15262453514402227,0.7245023939047238,1.24,6.76,11.47
2425,2024-12-07,M'gladbach,Dortmund,0.5214383591826331,0.24333438511141334,0.2352272557059535,3.24,3.87,2.14
2425,2024-12-08,Hoffenheim,Freiburg,0.33367936237092516,0.25687093601877947,0.4094497016102953,2.73,3.45,2.54
2425,2024-12-08,Wolfsburg,Mainz,0.2655739631590223,0.2044087998240517,0.5300172370169259,2.15,3.34,3.5
2425,2024-12-13,Freiburg,Wolfsburg,0.2992053514390508,0.2788307680923844,0.4219638804685647,2.26,3.45,3.38
2425,2024-12-14,Augsburg,Leverkusen,0.6364077039214111,0.1278482474192018,0.23574404865938714,5.59,4.28,1.6
2425,2024-12-14,M'gladbach,Kiel,0.1848592853143148,0.18053260927870335,0.6346081054069819,1.46,4.89,6.75
2425,2024-12-14,Mainz,Bayern Munich,0.4723542179359408,0.24017230226968733,0.2874734797943719,6.86,4.87,1.46
2425,2024-12-14,St Pauli,Werder Bremen,0.36254005585767946,0.26652294277594807,0.3709370013663724,2.69,3.36,2.75
2425,2024-12-14,Union Berlin,Bochum,0.17380974486653325,0.2408231762698645,0.5853670788636023,1.6,4.01,6.13
2425,2024-12-15,Dortmund,Hoffenheim,0.11152678322295097,0.14322805467324,0.7452451621038091,1.45,5.13,6.46
2425,2024-12-15,Heidenheim,Stuttgart,0.5209260133108357,0.24372278633589156,0.23535120035327284,4.27,3.93,1.83
2425,2024-12-15,RB Leipzig,Ein Frankfurt,0.3628639113383521,0.1691114160992145,0.4680246725624334,2.11,3.92,3.29
2425,2024-12-20,Bayern Munich,RB Leipzig,0.2214129371308056,0.19129658948441053,0.5872904733847838,1.21,7.48,13.15
2425,2024-12-21,Ein Frankfurt,Mainz,0.37717865167709813,0.15003727182437965,0.4727840764985223,1.85,4.02,4.05
2425,2024-12-21,Hoffenheim,M'gladbach,0.3609621661377256,0.26236069041317817,0.3766771434490962,2.4,3.66,2.91
2425,2024-12-21,Kiel,Augsburg,0.26630670210322943,0.21417128547233594,0.5195220124244347,3.17,3.25,2.44
2425,2024-12-21,Leverkusen,Freiburg,0.1884601899753381,0.2121490200072491,0.5993907900174129,1.37,5.33,8.23
2425,2024-12-21,Stuttgart,St Pauli,0.11310579745390223,0.21676172617775505,0.6701324763683427,1.47,4.73,6.93
2425,2024-12-21,Werder Bremen,Union Berlin,0.21112190027866531,0.23402816646626345,0.5548499332550713,2.11,3.38,3.78
2425,2024-12-22,Bochum,Heidenheim,0.23444013831648047,0.33060608388157764,0.43495377780194183,2.35,3.55,3.07
2425,2024-12-22,Wolfsburg,Dortmund,0.38508431437292984,0.2578365147206679,0.3570791709064024,3.09,3.65,2.29
2425,2025-01-10,Dortmund,Leverkusen,0.45826520056751613,0.1423781309184802,0.3993566685140037,2.92,3.6,2.43
2425,2025-01-11,Freiburg,Kiel,0.20560489487241437,0.21117159322752602,0.5832235119000596,1.4,5.21,7.67
2425,2025-01-11,Heidenheim,Union Berlin,0.37844922473732695,0.18125446189836592,0.4402963133643072,3.24,3.29,2.38
2425,2025-01-11,Hoffenheim,Wolfsburg,0.30806298200234755,0.2850661439633918,0.40687087403426075,2.44,3.45,3.0
2425,2025-01-11,M'gladbach,Bayern Munich,0.6500020401377539,0.16243599769216108,0.18756196217008506,7.2,5.47,1.4
2425,2025-01-11,Mainz,Bochum,0.15416859705834313,0.24902243058064402,0.5968089723610128,1.57,4.38,5.81
2425,2025-01-11,St Pauli,Ein Frankfurt,0.456560655575909,0.19551990414669757,0.34791944027739347,3.8,3.4,2.1
2425,2025-01-12,Augsburg,Stuttgart,0.6038699331167475,0.19056864303446092,0.2055614238487916,3.76,3.71,2.0
2425,2025-01-12,RB Leipzig,Werder Bremen,0.14920354904290314,0.13618098277326154,0.7146154681838353,1.76,4.18,4.34
2425,2025-01-14,Ein Frankfurt,Freiburg,0.2228358932327724,0.25832906795993427,0.5188350388072933,1.72,4.19,4.77
2425,2025-01-14,Kiel,Dortmund,0.6143880234970343,0.17633845483687594,0.20927352166608976,5.52,4.77,1.56
2425,2025-01-14,Leverkusen,Mainz,0.1672839840429577,0.18101927862188177,0.6516967373351604,1.38,5.26,8.51
2425,2025-01-14,Wolfsburg,M'gladbach,0.1938374720910202,0.313426346754179,0.49273618115480067,1.95,3.86,3.87
2425,2025-01-15,Bayern Munich,Hoffenheim,0.1004751062709408,0.18728304941947443,0.7122418443095847,1.12,11.23,17.9
2425,2025-01-15,Bochum,St Pauli,0.22977455570567573,0.3187851265792616,0.4514403177150627,2.64,3.28,2.87
2425,2025-01-15,Stuttgart,RB Leipzig,0.33896776881050983,0.24033131664088672,0.42070091454860337,2.01,3.81,3.63
2425,2025-01-15,Union Berlin,Augsburg,0.21434224683661596,0.2524362938441249,0.5332214593192591,1.84,3.56,4.74
2425,2025-01-15,Werder Bremen,Heidenheim,0.1391239194486648,0.3102688373392268,0.5506072432121084,1.64,4.42,4.97
2425,2025-01-17,Ein Frankfurt,Dortmund,0.40092529502423047,0.23352749169776876,0.3655472132780008,2.61,3.64,2.71
2425,2025-01-18,Bayern Munich,Wolfsburg,0.09940119126747317,0.14768976684303833,0.7529090418894885,1.17,8.66,14.14
2425,2025-01-18,Bochum,RB Leipzig,0.6000295384632147,0.11671691525523921,0.28325354628154603,3.71,3.75,2.01
2425,2025-01-18,Heidenheim,St Pauli,0.20704868650169636,0.27468181588896196,0.5182694976093416,2.43,3.5,2.97
2425,2025-01-18,Kiel,Hoffenheim,0.2865543045421708,0.26323137356635845,0.4502143218914707,2.94,3.63,2.39
2425,2025-01-18,Leverkusen,M'gladbach,0.16825736460587867,0.11394391826123833,0.717798717132883,1.27,6.29,9.26
2425,2025-01-18,Stuttgart,Freiburg,0.17641994211253573,0.26287666219736516,0.5607033956900991,1.67,4.39,4.78
2425,2025-01-19,Union Berlin,Mainz,0.48230269626467354,0.16708925735533278,0.35060804637999354,2.63,3.2,2.94
2425,2025-01-19,Werder Bremen,Augsburg,0.12709906895322864,0.28330631710196746,0.5895946139448038,1.88,3.79,4.19
2425,2025-01-24,Wolfsburg,Kiel,0.19039075161341593,0.2229994694234985,0.5866097789630855,1.44,5.08,7.11
2425,2025-01-25,Augsburg,Heidenheim,0.3139775111229616,0.39333479580992975,0.2926876930671087,1.91,3.65,4.22
2425,2025-01-25,Dortmund,Werder Bremen,0.11910600976303926,0.12550348157663707,0.7553905086603236,1.63,4.44,5.03
2425,2025-01-25,Freiburg,Bayern Munich,0.6270555125932019,0.18454185087754754,0.1884026365292505,8.98,5.78,1.33
2425,2025-01-25,M'gladbach,Bochum,0.1884445205171983,0.20208978032584643,0.6094656991569554,1.72,4.12,4.66
2425,2025-01-25,Mainz,Stuttgart,0.4028492735633627,0.20508050844743486,0.39207021798920244,2.88,3.55,2.47
2425,2025-01-25,RB Leipzig,Leverkusen,0.39986686209669164,0.1588586703080086,0.4412744675952998,3.79,4.03,1.92
2425,2025-01-26,Hoffenheim,Ein Frankfurt,0.49671046317339096,0.14924145014603468,0.3540480866805743,3.16,3.58,2.29
2425,2025-01-26,St Pauli,Union Berlin,0.2888248072472988,0.22753292220983184,0.4836422705428693,2.53,3.15,3.12
2425,2025-01-31,Werder Bremen,Mainz,0.2944278735383003,0.3145344012216369,0.3910377252400627,2.35,3.46,3.19
2425,2025-02-01,Bayern Munich,Kiel,0.11564197626106686,0.19902522988685872,0.6853327938520744,1.05,17.7,41.8
2425,2025-02-01,Bochum,Freiburg,0.3241616092913475,0.22816067702897033,0.4476777136796822,2.88,3.42,2.54
2425,2025-02-01,Heidenheim,Dortmund,0.5450651649682304,0.23047502729409622,0.22445980773767327,4.49,4.04,1.76
2425,2025-02-01,St Pauli,Augsburg,0.255193168663025,0.1868103489044366,0.5579964824325384,2.38,3.2,3.32
2425,2025-02-01,Stuttgart,M'gladbach,0.18661944523698637,0.23805513456814853,0.5753254201948651,1.58,4.65,5.2
2425,2025-02-01,Union Berlin,RB Leipzig,0.5195540041178277,0.15987754730461076,0.32056844857756145,3.2,3.52,2.29
2425,2025-02-02,Ein Frankfurt,Wolfsburg,0.19072997641070621,0.20254419715519875,0.6067258264340951,1.99,3.8,3.72
2425,2025-02-02,Leverkusen,Hoffenheim,0.11525202680162483,0.15535880032176702,0.7293891728766082,1.23,7.29,10.7
2425,2025-02-07,Bayern Munich,Werder Bremen,0.08808544130235796,0.1507532709798956,0.7611612877177465,1.09,12.89,20.27
2425,2025-02-08,Dortmund,Stuttgart,0.34963005699161603,0.12588418428105771,0.5244857587273262,1.88,3.93,3.98
2425,2025-02-08,Freiburg,Heidenheim,0.20580156896868926,0.3534792571746877,0.440719173856623,1.74,3.99,4.77
2425,2025-02-08,Hoffenheim,Union Berlin,0.2985117493311606,0.21783898776994237,0.4836492628988972,2.26,3.6,3.2
2425,2025-02-08,M'gladbach,Ein Frankfurt,0.3738294108793812,0.32373085440907895,0.30243973471153995,2.62,3.7,2.63
2425,2025-02-08,Mainz,Augsburg,0.1140897407261133,0.20257892345564996,0.6833313358182367,1.78,3.72,4.88
2425,2025-02-08,Wolfsburg,Leverkusen,0.5241593483584518,0.14609603825800713,0.32974461338354105,4.3,3.86,1.84
2425,2025-02-09,Kiel,Bochum,0.22005892021691265,0.23457407334898855,0.5453670064340987,2.31,3.54,3.15
2425,2025-02-09,RB Leipzig,St Pauli,0.12333301222231058,0.14403417866335608,0.7326328091143334,1.57,4.39,5.81
2425,2025-02-14,Augsburg,RB Leipzig,0.6057732132514737,0.16791746742424446,0.22630931932428186,3.02,3.41,2.48
2425,2025-02-15,Bochum,Dortmund,0.5814912048477233,0.19703078015427133,0.22147801499800532,4.98,4.27,1.66
2425,2025-02-15,Leverkusen,Bayern Munich,0.305882968900897,0.3188263805120028,0.37529065058710015,3.08,3.71,2.27
2425,2025-02-15,St Pauli,Freiburg,0.36176619346943106,0.2819127743878545,0.35632103214271443,2.6,3.25,2.94
2425,2025-02-15,Stuttgart,Wolfsburg,0.18981515818580325,0.20411654013796138,0.6060683016762354,1.76,4.24,4.32
2425,2025-02-15,Union Berlin,M'gladbach,0.30019162759845636,0.337516435010774,0.3622919373907696,2.28,3.57,3.18
2425,2025-02-16,Ein Frankfurt,Kiel,0.16783779763489756,0.18100112628320572,0.6511610760818967,1.34,5.94,8.04
2425,2025-02-16,Heidenheim,Mainz,0.4676278752347078,0.20030030705679933,0.3320718177084929,3.69,3.53,2.08
2425,2025-02-16,Werder Bremen,Hoffenheim,0.22378876565519407,0.43896232784864264,0.3372489064961633,1.9,4.04,3.8
2425,2025-02-21,Freiburg,Werder Bremen,0.3347612522151675,0.19215355538657933,0.47308519239825325,2.09,3.45,3.84
2425,2025-02-22,Dortmund,Union Berlin,0.16330160628152082,0.1802573744197549,0.6564410192987243,1.57,4.52,5.55
2425,2025-02-22,Kiel,Leverkusen,0.5932440948681349,0.15549010382763673,0.2512658013042284,10.87,6.67,1.25
2425,2025-02-22,M'gladbach,Augsburg,0.3395271850810609,0.20923783770728652,0.4512349772116526,1.83,3.82,4.4
2425,2025-02-22,Mainz,St Pauli,0.1216189823531264,0.15600674920108593,0.7223742684457877,1.79,3.66,4.88
2425,2025-02-22,Wolfsburg,Bochum,0.21608356421653865,0.2555671735345753,0.528349262248886,1.56,4.53,5.71
2425,2025-02-23,Bayern Munich,Ein Frankfurt,0.16902675075092174,0.08545668515128552,0.7455165640977927,1.3,6.5,8.28
2425,2025-02-23,Hoffenheim,Stuttgart,0.5515127953062258,0.17976128772011685,0.2687259169736574,3.63,3.96,1.97
2425,2025-02-23,RB Leipzig,Heidenheim,0.13598701989435477,0.21041925728440694,0.6535937228212383,1.35,5.61,8.22
2425,2025-02-28,Stuttgart,Bayern Munich,0.4516926113608228,0.2506331473517108,0.2976742412874664,4.94,4.37,1.67
2425,2025-03-01,Bochum,Hoffenheim,0.3394951693755125,0.43184970333260025,0.22865512729188742,2.47,3.56,2.88
2425,2025-03-01,Ein Frankfurt,Leverkusen,0.5073109259496239,0.12414822986215233,0.36854084418822375,4.72,3.92,1.76
2425,2025-03-01,Heidenheim,M'gladbach,0.3994198200411302,0.232340613054953,0.3682395669039168,3.1,3.62,2.3
2425,2025-03-01,RB Leipzig,Mainz,0.18754476096914277,0.18251282380018852,0.6299424152306687,2.02,3.76,3.66
2425,2025-03-01,St Pauli,Dortmund,0.487906113497097,0.2225395329762463,0.2895543535266567,4.31,3.73,1.87
2425,2025-03-01,Werder Bremen,Wolfsburg,0.31369116036408007,0.34248353867975734,0.34382530095616254,2.72,3.55,2.61
2425,2025-03-02,Augsburg,Freiburg,0.3157108648605203,0.3306049085039438,0.3536842266355358,2.71,3.13,2.91
2425,2025-03-02,Union Berlin,Kiel,0.28950862890929707,0.23947648919818704,0.47101488189251595,1.62,4.25,5.45
2425,2025-03-07,M'gladbach,Mainz,0.43015669364020376,0.2078224854141039,0.3620208209456922,2.65,3.43,2.74
2425,2025-03-08,Bayern Munich,Bochum,0.07505425021066595,0.12979088825092971,0.7951548615384044,1.11,12.4,17.74
2425,2025-03-08,Dortmund,Augsburg,0.12463231592694454,0.11142729339736257,0.763940390675693,1.55,4.42,6.05
2425,2025-03-08,Freiburg,RB Leipzig,0.37316601308853187,0.19888251432426957,0.42795147258719857,2.66,3.32,2.81
2425,2025-03-08,Kiel,Stuttgart,0.5456819373288078,0.23426191783681505,0.22005614483437713,5.89,4.71,1.52
2425,2025-03-08,Leverkusen,Werder Bremen,0.15205734092635753,0.15077231181386064,0.6971703472597818,1.27,6.39,10.17
2425,2025-03-08,Wolfsburg,St Pauli,0.13896330222227862,0.1858931952179467,0.6751435025597747,1.78,3.75,4.85
2425,2025-03-09,Ein Frankfurt,Union Berlin,0.19064194746416194,0.1850331623468494,0.6243248901889886,1.77,4.13,4.39
2425,2025-03-09,Hoffenheim,Heidenheim,0.20581624640845186,0.2840432618809615,0.5101404917105866,1.78,4.03,4.41
2425,2025-03-14,St Pauli,Hoffenheim,0.3977754528780723,0.22433130887334835,0.37789323824857934,2.31,3.3,3.37
2425,2025-03-15,Augsburg,Wolfsburg,0.34345089620961755,0.27782368894873366,0.37872541484164884,2.63,3.29,2.87
2425,2025-03-15,Mainz,Freiburg,0.1814515315765776,0.24726382986939682,0.5712846385540256,2.02,3.45,4.0
2425,2025-03-15,RB Leipzig,Dortmund,0.24409601024556754,0.21388342160554935,0.5420205681488831,2.43,3.68,2.87
2425,2025-03-15,Union Berlin,Bayern Munich,0.6686135097915437,0.15576081090800414,0.17562567930045223,9.0,5.36,1.35
2425,2025-03-15,Werder Bremen,M'gladbach,0.24774501726072687,0.3956532725693945,0.3566017101698787,2.42,3.68,2.87
2425,2025-03-16,Bochum,Ein Frankfurt,0.4376481872277825,0.206557810473208,0.35579400229900954,3.13,3.66,2.27
2425,2025-03-16,Heidenheim,Kiel,0.23550374576103605,0.2621278038948309,0.502368450344133,2.03,3.66,3.72
2425,2025-03-16,Stuttgart,Leverkusen,0.4679233009762855,0.18853486949034684,0.34354182953336776,3.09,3.6,2.32
2425,2025-03-28,Leverkusen,Bochum,0.06899956218067567,0.12366917071556643,0.8073312671037579,1.23,6.93,11.71
2425,2025-03-29,Bayern Munich,St Pauli,0.12043575231354883,0.19623248406378538,0.6833317636226658,1.15,9.41,16.44
2425,2025-03-29,Ein Frankfurt,Stuttgart,0.29710338740124426,0.269600177783785,0.43329643481497077,2.6,3.67,2.66
2425,2025-03-29,Hoffenheim,Augsburg,0.264684350639585,0.21212878648267705,0.523186862877738,2.43,3.29,3.15
2425,2025-03-29,Kiel,Werder Bremen,0.2735335174109858,0.3365340424520487,0.3899324401369655,3.42,3.85,2.08
2425,2025-03-29,M'gladbach,RB Leipzig,0.4023172926051367,0.30059220692827565,0.29709050046658764,2.94,3.58,2.41
2425,2025-03-29,Wolfsburg,Heidenheim,0.15926733092004286,0.2565440781710287,0.5841885909089285,1.66,4.12,5.22
2425,2025-03-30,Dortmund,Mainz,0.3890881998668658,0.129493015541861,0.4814187845912733,1.67,4.17,5.07
2425,2025-03-30,Freiburg,Union Berlin,0.21026354859492838,0.18397901128247354,0.605757440122598,2.02,3.43,4.05
2425,2025-04-04,Augsburg,Bayern Munich,0.7116555591992534,0.11711642707342158,0.17122801372732505,7.61,5.01,1.43
2425,2025-04-05,Bochum,Stuttgart,0.5097243459935796,0.22953179654355368,0.2607438574628667,3.2,3.8,2.18
2425,2025-04-05,Freiburg,Dortmund,0.39127224226673135,0.2094011471090476,0.39932661062422115,3.1,3.61,2.31
2425,2025-04-05,Heidenheim,Leverkusen,0.6354003985524865,0.1422409885019991,0.22235861294551443,6.78,4.84,1.46
2425,2025-04-05,Mainz,Kiel,0.11496139212956058,0.21507226743956265,0.6699663404308769,1.43,5.01,7.05
2425,2025-04-05,RB Leipzig,Hoffenheim,0.10115831502908405,0.1454618266845523,0.7533798582863637,1.58,4.55,5.43
2425,2025-04-05,Werder Bremen,Ein Frankfurt,0.38458519641987543,0.233139450444181,0.38227535313594346,2.65,3.73,2.58
2425,2025-04-06,St Pauli,M'gladbach,0.3905393461343393,0.27234879601402817,0.3371118578516325,2.52,3.45,2.89
2425,2025-04-06,Union Berlin,Wolfsburg,0.3082541239376495,0.3178848351726988,0.3738610408896518,2.49,3.32,3.02
2425,2025-04-11,Wolfsburg,RB Leipzig,0.295588107762594,0.30312063005022033,0.40129126218718564,3.0,3.71,2.36
2425,2025-04-12,Bayern Munich,Dortmund,0.1701702598401069,0.15423496919746715,0.6755947709624259,1.43,5.36,6.51
2425,2025-04-12,Bochum,Augsburg,0.3282624730121926,0.20638872882090167,0.46534879816690583,2.5,3.35,3.0
2425,2025-04-12,Hoffenheim,Mainz,0.4265992772594641,0.17654714993373216,0.3968535728068037,2.69,3.5,2.66
2425,2025-04-12,Kiel,St Pauli,0.2612628549700468,0.22189519009146566,0.5168419549384875,3.28,3.42,2.29
2425,2025-04-12,Leverkusen,Union Berlin,0.15467025144277574,0.13733629341479556,0.7079934551424286,1.34,5.61,8.99
2425,2025-04-12,M'gladbach,Freiburg,0.29818458639636347,0.379411510778182,0.3224039028254545,2.19,3.71,3.26
2425,2025-04-13,Ein Frankfurt,Heidenheim,0.16417811513402975,0.23771748011871127,0.598104404747259,1.75,4.18,4.43
2425,2025-04-13,Stuttgart,Werder Bremen,0.18127298482785037,0.25774804588565997,0.5609789692864896,1.67,4.62,4.53
2425,2025-04-19,Freiburg,Hoffenheim,0.4721871408057639,0.2588092416446616,0.26900361754957436,1.96,3.75,3.85
2425,2025-04-19,Heidenheim,Bayern Munich,0.6513825722385599,0.1783124144087065,0.1703050133527335,9.06,6.38,1.29
2425,2025-04-19,Mainz,Wolfsburg,0.18784215566040913,0.2206533630103052,0.5915044813292857,2.05,3.72,3.6
2425,2025-04-19,RB Leipzig,Kiel,0.11015831636112516,0.19403583706841496,0.6958058465704599,1.31,6.22,8.55
2425,2025-04-19,Union Berlin,Stuttgart,0.5131719640349945,0.19131907492045236,0.29550896104455315,2.87,3.43,2.54
2425,2025-04-19,Werder Bremen,Bochum,0.16604153448648706,0.28192270093307886,0.552035764580434,1.74,4.19,4.49
2425,2025-04-20,Augsburg,Ein Frankfurt,0.2774942633163489,0.33177995004561006,0.390725786638041,2.63,3.44,2.77
2425,2025-04-20,Dortmund,M'gladbach,0.15696265679621405,0.11107458007468636,0.7319627631290997,1.43,5.46,6.47
2425,2025-04-20,St Pauli,Leverkusen,0.6175511230919645,0.15024971185751654,0.23219916505051888,5.42,3.93,1.67
2425,2025-04-25,Stuttgart,Heidenheim,0.14530533694090791,0.2874684457121635,0.5672262173469286,1.51,4.97,5.99
2425,2025-04-26,Bayern Munich,Mainz,0.11483064014928498,0.12034034827653431,0.7648290115741808,1.22,7.3,11.15
2425,2025-04-26,Ein Frankfurt,RB Leipzig,0.2685600859523401,0.27569092002018303,0.455748994027477,2.17,3.92,3.15
2425,2025-04-26,Hoffenheim,Dortmund,0.4338257350390572,0.30520585467745803,0.2609684102834848,4.3,4.37,1.74
2425,2025-04-26,Kiel,M'gladbach,0.44992390151214495,0.18936376379091596,0.36071233469693903,3.18,3.9,2.16
2425,2025-04-26,Leverkusen,Augsburg,0.08252562594057132,0.0999760620977671,0.8174983119616617,1.37,5.23,8.61
2425,2025-04-26,Wolfsburg,Freiburg,0.2845257152902377,0.21277552950478656,0.5026987552049758,2.4,3.67,2.91
2425,2025-04-27,Bochum,Union Berlin,0.33081296146379846,0.1973580806034467,0.471828957932755,2.36,3.5,3.09
2425,2025-04-27,Werder Bremen,St Pauli,0.16415139257793257,0.22930492967100663,0.6065436777510607,1.92,3.74,4.07
2425,2025-05-02,Heidenheim,Bochum,0.28556352280740027,0.28357074849231295,0.43086572870028683,2.32,3.59,3.13
2425,2025-05-03,Dortmund,Wolfsburg,0.20103017085799563,0.18937048582569693,0.6095993433163075,1.32,6.21,7.74
2425,2025-05-03,M'gladbach,Hoffenheim,0.36341639417967175,0.33068692985860854,0.30589667596171966,2.13,4.03,3.16
2425,2025-05-03,RB Leipzig,Bayern Munich,0.5053332961020244,0.22006430787268427,0.2746023960252914,4.46,4.73,1.66
2425,2025-05-03,St Pauli,Stuttgart,0.4649069908831891,0.2591484326312138,0.27594457648559717,2.73,3.52,2.61
2425,2025-05-03,Union Berlin,Werder Bremen,0.3396577139458899,0.2513914164686115,0.4089508695854986,2.78,3.45,2.61
2425,2025-05-04,Augsburg,Kiel,0.2058080070406481,0.21518718041554233,0.5790048125438095,1.85,3.81,4.29
2425,2025-05-04,Freiburg,Leverkusen,0.4935706357600876,0.16515446516996002,0.34127489906995234,3.14,3.51,2.33
2425,2025-05-04,Mainz,Ein Frankfurt,0.2338550907767913,0.2216729290572032,0.5444719801660055,2.41,3.67,2.89
2425,2025-05-09,Wolfsburg,Hoffenheim,0.2914037419444821,0.3132183473019349,0.3953779107535831,2.3,3.77,2.99
2425,2025-05-10,Bayern Munich,M'gladbach,0.10422820302556778,0.13013987610069636,0.7656319208737359,1.16,10.06,12.25
2425,2025-05-10,Bochum,Mainz,0.4565679817073302,0.1768745860542077,0.3665574322384621,3.0,3.73,2.31
2425,2025-05-10,Kiel,Freiburg,0.5348731913514848,0.1776812833421527,0.28744552530636247,3.29,3.88,2.12
2425,2025-05-10,Union Berlin,Heidenheim,0.19235661500134524,0.3427166632022321,0.46492672179642264,2.21,3.55,3.33
2425,2025-05-10,Werder Bremen,RB Leipzig,0.33528717682110115,0.2976882020730396,0.36702462110585926,2.38,3.7,2.92
2425,2025-05-11,Ein Frankfurt,St Pauli,0.1439019582739549,0.15830690213513074,0.6977911395909144,1.52,4.61,6.18
2425,2025-05-11,Leverkusen,Dortmund,0.22019198006157886,0.21255070120136962,0.5672573187370514,2.66,4.08,2.43
2425,2025-05-11,Stuttgart,Augsburg,0.11533262069597325,0.25465434005333165,0.6300130392506951,1.56,4.54,5.67
2425,2025-05-17,Augsburg,Union Berlin,0.30493666321454527,0.26994855188719613,0.4251147848982586,2.07,3.43,3.62
2425,2025-05-17,Dortmund,Kiel,0.13803268626840423,0.2089762066073393,0.6529911071242566,1.07,13.97,18.89
2425,2025-05-17,Freiburg,Ein Frankfurt,0.29882524211696493,0.2305671997094451,0.4706075581735899,2.38,3.77,2.74
2425,2025-05-17,Heidenheim,Werder Bremen,0.43967850301468625,0.23732775645543494,0.32299374052987884,2.31,3.91,2.76
2425,2025-05-17,Hoffenheim,Bayern Munich,0.6559828378808744,0.15843006500814902,0.18558709711097654,5.05,5.25,1.5
2425,2025-05-17,M'gladbach,Wolfsburg,0.28262601526218817,0.30389878263579845,0.41347520210201333,2.17,4.31,2.79
2425,2025-05-17,Mainz,Leverkusen,0.4504702102260809,0.2035722006627682,0.3459575891111508,2.18,3.99,2.93
2425,2025-05-17,RB Leipzig,Stuttgart,0.28455243084177145,0.16256328444829374,0.5528842847099349,1.97,4.31,3.2
2425,2025-05-17,St Pauli,Bochum,0.13305407642394929,0.17432380535850367,0.6926221182175472,1.66,4.19,4.65
